,Unnamed: 0,pl_name,hostname,gaia_id,default_flag,sy_snum,sy_pnum,discoverymethod,disc_year,disc_facility,soltype,pl_controv_flag,pl_refname,pl_orbper,pl_orbsmax,pl_rade,pl_radj,pl_massj,ttv_flag,st_refname,st_spectype,st_teff,st_rad,st_mass,st_met,st_metratio,st_logg,sy_refname,rastr,ra,decstr,dec,sy_pm,sy_pmra,sy_pmdec,sy_dist,sy_vmag,sy_kmag,sy_gaiamag,rowupdate,pl_pubdate,releasedate
37,515,GJ 1214 b,GJ 1214,Gaia DR2 4393265392167891712,1,1,1,Transit,2009,MEarth Project,Published Confirmed,0,<a refstr=MAHAJAN_ET_AL__2024 href=https://ui.adsabs.harvard.edu/abs/2024ApJ...963L..37M/abstract target=ref>Mahajan et al. 2024</a>,1.58040453,0.01505,2.733,0.244,0.02646,0,<a refstr=MAHAJAN_ET_AL__2024 href=https://ui.adsabs.harvard.edu/abs/2024ApJ...963L..37M/abstract target=ref>Mahajan et al. 2024</a>,,3101.0,0.22,0.18,0.24,[Fe/H],5.03,<a refstr=STASSUN_ET_AL__2019 href=https://ui.adsabs.harvard.edu/abs/2019AJ....158..138S/abstract target=ref>TICv8</a>,17h15m19.54s,258.8313991,+04d57m38.45s,4.9606795,948.0511007,580.447,-749.588,14.6427,15.1,8.782,13.0089,2024-03-25,2024-03,25/03/2024
167,33796,TOI-2134 b,TOI-2134,Gaia DR2 4610267648427698816,1,1,2,Transit,2023,Transiting Exoplanet Survey Satellite (TESS),Published Confirmed,0,<a refstr=RESCIGNO_ET_AL__2023 href=https://ui.adsabs.harvard.edu/abs/2023MNRAS.tmp.3121R/abstract target=ref>Rescigno et al. 2023</a>,9.2292005,0.078,2.69,0.24,0.02873,0,<a refstr=RESCIGNO_ET_AL__2023 href=https://ui.adsabs.harvard.edu/abs/2023MNRAS.tmp.3121R/abstract target=ref>Rescigno et al. 2023</a>,K5 V,4580.0,0.71,0.74,0.12,[Fe/H],4.8,<a refstr=STASSUN_ET_AL__2019 href=https://ui.adsabs.harvard.edu/abs/2019AJ....158..138S/abstract target=ref>TICv8</a>,18h07m44.52s,271.9355015,+39d04m22.54s,39.0729269,288.224734,54.3709,-283.05,22.6202,8.933,6.091,8.5077,2023-11-28,2023-10,28/11/2023
50,571,GJ 3090 b,GJ 3090,Gaia DR2 4933912198893332224,1,1,1,Transit,2022,Transiting Exoplanet Survey Satellite (TESS),Published Confirmed,0,<a refstr=ALMENARA_ET_AL__2022 href=https://ui.adsabs.harvard.edu/abs/2022arXiv220714121A/abstract target=ref>Almenara et al. 2022</a>,2.8531054,0.03165,2.13,0.19,0.01051,0,<a refstr=ALMENARA_ET_AL__2022 href=https://ui.adsabs.harvard.edu/abs/2022arXiv220714121A/abstract target=ref>Almenara et al. 2022</a>,M2 V,3556.0,0.52,0.52,-0.06,[Fe/H],4.73,<a refstr=STASSUN_ET_AL__2019 href=https://ui.adsabs.harvard.edu/abs/2019AJ....158..138S/abstract target=ref>TICv8</a>,01h21m45.22s,20.4384281,-46d42m53.00s,-46.7147234,136.8908631,-111.206,-79.8269,22.4751,11.403,7.294,10.5521,2023-11-28,2022-07,28/11/2023
169,33877,TOI-244 b,TOI-244,Gaia DR2 5001098681543159040,1,1,1,Transit,2023,Transiting Exoplanet Survey Satellite (TESS),Published Confirmed,0,<a refstr=CASTRO_GONZ_AACUTE_LEZ_ET_AL__2023 href=https://ui.adsabs.harvard.edu/abs/2023arXiv230504922C/abstract target=ref>Castro-Gonz&aacute;lez et al. 2023</a>,7.397225,0.0559,1.52,0.136,0.00843,0,<a refstr=CASTRO_GONZ_AACUTE_LEZ_ET_AL__2023 href=https://ui.adsabs.harvard.edu/abs/2023arXiv230504922C/abstract target=ref>Castro-Gonz&aacute;lez et al. 2023</a>,M2.5 V,3433.0,0.43,0.43,-0.39,[Fe/H],4.66,<a refstr=STASSUN_ET_AL__2019 href=https://ui.adsabs.harvard.edu/abs/2019AJ....158..138S/abstract target=ref>TICv8</a>,00h42m16.74s,10.5697537,-36d43m04.71s,-36.7179743,161.7031424,-155.186,45.4446,22.0337,12.861,7.97,11.553,2023-10-09,2023-05,9/10/2023
96,2112,HD 140901 c,HD 140901,Gaia DR2 6009538585839374336,1,1,2,Radial Velocity,2022,Multiple Observatories,Published Confirmed,0,<a refstr=PHILIPOT_ET_AL__2023 href=https://ui.adsabs.harvard.edu/abs/2023arXiv230805417P/abstract target=ref>Philipot et al. 2023</a>,14386.0,11.8,,,1.8,0,<a refstr=PHILIPOT_ET_AL__2023 href=https://ui.adsabs.harvard.edu/abs/2023arXiv230805417P/abstract target=ref>Philipot et al. 2023</a>,G7 IV,,,1.06,,,,<a refstr=STASSUN_ET_AL__2019 href=https://ui.adsabs.harvard.edu/abs/2019AJ....158..138S/abstract target=ref>TICv8</a>,15h47m28.56s,236.8689866,-37d55m02.04s,-37.9172333,467.152936,-415.238,-214.031,15.2528,6.01,4.323,5.83135,2023-10-09,2023-08,9/10/2023
31,213,BD-210397 c,BD-210397,Gaia DR2 5124636303346779008,1,1,2,Radial Velocity,2023,La Silla Observatory,Published Confirmed,0,<a refstr=PHILIPOT_ET_AL__2023 href=https://ui.adsabs.harvard.edu/abs/2023arXiv230805417P/abstract target=ref>Philipot et al. 2023</a>,6240.0,5.9,,,4.8,0,<a refstr=PHILIPOT_ET_AL__2023 href=https://ui.adsabs.harvard.edu/abs/2023arXiv230805417P/abstract target=ref>Philipot et al. 2023</a>,K7 V,,,0.69,,,,<a refstr=STASSUN_ET_AL__2019 href=https://ui.adsabs.harvard.edu/abs/2019AJ....158..138S/abstract target=ref>TICv8</a>,02h13m12.58s,33.3024198,-21d11m46.37s,-21.1962147,379.6005102,375.476,55.8061,23.7324,9.84,6.504,9.25962,2023-09-05,2023-08,5/09/2023
127,3755,HIP 70849 b,HIP 70849,Gaia DR2 6099000589942631424,1,2,1,Radial Velocity,2009,La Silla Observatory,Published Confirmed,0,<a refstr=PHILIPOT_ET_AL__2023 href=https://ui.adsabs.harvard.edu/abs/2023arXiv230805417P/abstract target=ref>Philipot et al. 2023</a>,3649.0,3.99,,,4.5,0,<a refstr=PHILIPOT_ET_AL__2023 href=https://ui.adsabs.harvard.edu/abs/2023arXiv230805417P/abstract target=ref>Philipot et al. 2023</a>,K7 V,,,0.65,,,,<a refstr=STASSUN_ET_AL__2019 href=https://ui.adsabs.harvard.edu/abs/2019AJ....158..138S/abstract target=ref>TICv8</a>,14h29m18.50s,217.3270762,-46d27m52.86s,-46.464684,206.4980686,-43.9813,-201.76,24.0572,10.421,6.79,9.69796,2023-09-05,2023-08,5/09/2023
88,1927,HD 114783 c,HD 114783,Gaia DR2 3684934540986187776,1,1,2,Radial Velocity,2018,W. M. Keck Observatory,Published Confirmed,0,<a refstr=PHILIPOT_ET_AL__2023 href=https://ui.adsabs.harvard.edu/abs/2023arXiv230805417P/abstract target=ref>Philipot et al. 2023</a>,4352.0,5.0,,,1.9,0,<a refstr=PHILIPOT_ET_AL__2023 href=https://ui.adsabs.harvard.edu/abs/2023arXiv230805417P/abstract target=ref>Philipot et al. 2023</a>,K1 V,,,0.9,,,,<a refstr=STASSUN_ET_AL__2019 href=https://ui.adsabs.harvard.edu/abs/2019AJ....158..138S/abstract target=ref>TICv8</a>,13h12m43.64s,198.1818436,-02d15m53.97s,-2.2649921,138.7804107,-138.403,10.228,21.0628,7.56,5.475,7.31783,2023-09-05,2023-08,5/09/2023
44,532,GJ 1252 b,GJ 1252,Gaia DR2 6468968316900356736,1,1,1,Transit,2020,Transiting Exoplanet Survey Satellite (TESS),Published Confirmed,0,<a refstr=LUQUE__AMP__PALL_EACUTE__2022 href=https://ui.adsabs.harvard.edu/abs/2022Sci...377.1211L/abstract target=ref>Luque &amp; Pall&eacute; 2022</a>,0.5182331,,1.193,0.106,0.00415,0,<a refstr=SHPORER_ET_AL__2020 href=https://ui.adsabs.harvard.edu/abs/2020ApJ...890L...7S/abstract target=ref>Shporer et al. 2020</a>,M3,3458.0,0.39,0.38,0.1,[Fe/H],,<a refstr=STASSUN_ET_AL__2019 href=https://ui.adsabs.harvard.edu/abs/2019AJ....158..138S/abstract target=ref>TICv8</a>,20h27m42.88s,306.9286462,-56d27m44.23s,-56.4622865,1301.74991,424.414,-1230.62,20.373,12.68,7.915,11.2364,2023-07-10,2022-09,10/07/2023
71,750,GJ 832 b,GJ 832,Gaia DR2 6562924609150908416,0,1,1,Radial Velocity,2008,Anglo-Australian Telescope,Published Confirmed,0,<a refstr=XIAO_ET_AL__2023 href=https://ui.adsabs.harvard.edu/abs/2023RAA....23e5022X/abstract target=ref>Xiao et al. 2023</a>,3610.0,3.53,,,0.8,0,<a refstr=XIAO_ET_AL__2023 href=https://ui.adsabs.harvard.edu/abs/2023RAA....23e5022X/abstract target=ref>Xiao et al. 2023</a>,M1 V,3472.0,,0.45,-0.3,[Fe/H],4.7,<a refstr=STASSUN_ET_AL__2019 href=https://ui.adsabs.harvard.edu/abs/2019AJ....158..138S/abstract target=ref>TICv8</a>,21h33m33.90s,323.3912616,-49d00m45.06s,-49.0125169,817.8892865,-45.8344,-816.604,4.96435,8.66,4.501,7.73761,2023-06-12,2023-05,12/06/2023
102,2464,HD 18143 c,HD 18143,Gaia DR2 116037204451525376,1,1,2,Radial Velocity,2022,Multiple Observatories,Published Confirmed,0,<a refstr=FENG_ET_AL__2022 href=https://ui.adsabs.harvard.edu/abs/2022ApJS..262...21F/abstract target=ref>Feng et al. 2022</a>,28982.41764,17.53,,,9.998,0,<a refstr=FENG_ET_AL__2022 href=https://ui.adsabs.harvard.edu/abs/2022ApJS..262...21F/abstract target=ref>Feng et al. 2022</a>,,,,0.85,,,,<a refstr=STASSUN_ET_AL__2019 href=https://ui.adsabs.harvard.edu/abs/2019AJ....158..138S/abstract target=ref>TICv8</a>,02h55m39.37s,43.9140248,+26d52m20.58s,26.8723829,327.6550874,264.469,-193.427,22.5243,7.518,5.427,7.33209,2023-06-12,2022-09,12/06/2023
89,1941,HD 115404 A c,HD 115404 A,Gaia DR2 3936909723803146368,1,1,2,Radial Velocity,2022,Multiple Observatories,Published Confirmed,0,<a refstr=FENG_ET_AL__2022 href=https://ui.adsabs.harvard.edu/abs/2022ApJS..262...21F/abstract target=ref>Feng et al. 2022</a>,15319.22517,11.364,,,10.319,0,<a refstr=FENG_ET_AL__2022 href=https://ui.adsabs.harvard.edu/abs/2022ApJS..262...21F/abstract target=ref>Feng et al. 2022</a>,,,,0.83,,,,<a refstr=STASSUN_ET_AL__2019 href=https://ui.adsabs.harvard.edu/abs/2019AJ....158..138S/abstract target=ref>TICv8</a>,13h16m51.74s,199.2155793,+17d00m57.74s,17.0160384,688.8917765,636.031,-264.644,10.9816,6.50066,4.381,6.28558,2023-06-12,2022-09,12/06/2023
87,798,GJ 9714 b,GJ 9714,Gaia DR2 6781117812601143168,1,1,1,Radial Velocity,2022,Multiple Observatories,Published Confirmed,0,<a refstr=FENG_ET_AL__2022 href=https://ui.adsabs.harvard.edu/abs/2022ApJS..262...21F/abstract target=ref>Feng et al. 2022</a>,19240.75467,12.319,,,9.403,0,<a refstr=FENG_ET_AL__2022 href=https://ui.adsabs.harvard.edu/abs/2022ApJS..262...21F/abstract target=ref>Feng et al. 2022</a>,,,,0.67,,,,<a refstr=STASSUN_ET_AL__2019 href=https://ui.adsabs.harvard.edu/abs/2019AJ....158..138S/abstract target=ref>TICv8</a>,21h01m39.40s,315.4141767,-32d31m30.01s,-32.5250028,274.8058078,246.31,-121.859,20.5121,9.37,6.221,8.8377,2023-06-12,2022-09,12/06/2023
98,2200,HD 149806 b,HD 149806,Gaia DR2 4383374219923745024,1,1,1,Radial Velocity,2022,Multiple Observatories,Published Confirmed,0,<a refstr=FENG_ET_AL__2022 href=https://ui.adsabs.harvard.edu/abs/2022ApJS..262...21F/abstract target=ref>Feng et al. 2022</a>,16521.52778,12.404,,,12.597,0,<a refstr=FENG_ET_AL__2022 href=https://ui.adsabs.harvard.edu/abs/2022ApJS..262...21F/abstract target=ref>Feng et al. 2022</a>,,,,0.93,,,,<a refstr=STASSUN_ET_AL__2019 href=https://ui.adsabs.harvard.edu/abs/2019AJ....158..138S/abstract target=ref>TICv8</a>,16h37m08.52s,249.2855187,+00d15m16.85s,0.2546794,121.9984087,93.2422,78.6734,20.2727,7.08308,5.183,6.86807,2023-06-12,2022-09,12/06/2023
49,551,GJ 179 b,GJ 179,Gaia DR2 3288082758293022848,0,1,1,Radial Velocity,2009,W. M. Keck Observatory,Published Confirmed,0,<a refstr=XIAO_ET_AL__2023 href=https://ui.adsabs.harvard.edu/abs/2023RAA....23e5022X/abstract target=ref>Xiao et al. 2023</a>,2303.0,2.424,,,0.95,0,<a refstr=XIAO_ET_AL__2023 href=https://ui.adsabs.harvard.edu/abs/2023RAA....23e5022X/abstract target=ref>Xiao et al. 2023</a>,M2 V,3370.0,,0.36,0.3,[Fe/H],4.83,<a refstr=STASSUN_ET_AL__2019 href=https://ui.adsabs.harvard.edu/abs/2019AJ....158..138S/abstract target=ref>TICv8</a>,04h52m05.89s,73.0245495,+06d28m30.84s,6.4752347,342.4034373,153.425,-306.106,12.356,11.963,6.942,10.7055,2023-06-12,2023-05,12/06/2023
113,2675,HD 207496 b,HD 207496,Gaia DR2 6356417496318028800,1,1,1,Transit,2023,Transiting Exoplanet Survey Satellite (TESS),Published Confirmed,0,<a refstr=BARROS_ET_AL__2023 href=https://ui.adsabs.harvard.edu/abs/2023A&A...673A...4B/abstract target=ref>Barros et al. 2023</a>,6.441008,0.0629,2.25,0.201,0.01919,0,<a refstr=BARROS_ET_AL__2023 href=https://ui.adsabs.harvard.edu/abs/2023A&A...673A...4B/abstract target=ref>Barros et al. 2023</a>,K2.5 V,4819.0,0.77,0.8,0.095,[Fe/H],4.51,<a refstr=STASSUN_ET_AL__2019 href=https://ui.adsabs.harvard.edu/abs/2019AJ....158..138S/abstract target=ref>TICv8</a>,21h54m52.36s,328.7181708,-77d20m19.69s,-77.3388025,292.2203092,224.864,-186.625,23.606,8.23,5.967,7.97255,2023-05-26,2023-05,26/05/2023
128,5250,K2-415 b,K2-415,Gaia DR2 604215144503584640,1,1,1,Transit,2023,K2,Published Confirmed,0,<a refstr=HIRANO_ET_AL__2023 href=https://ui.adsabs.harvard.edu/abs/2023arXiv230200699H/abstract target=ref>Hirano et al. 2023</a>,4.0179694,0.027,1.015,0.091,0.0236,0,<a refstr=HIRANO_ET_AL__2023 href=https://ui.adsabs.harvard.edu/abs/2023arXiv230200699H/abstract target=ref>Hirano et al. 2023</a>,M5 V,3173.0,0.2,0.16,-0.13,[Fe/H],5.07,<a refstr=STASSUN_ET_AL__2019 href=https://ui.adsabs.harvard.edu/abs/2019AJ....158..138S/abstract target=ref>TICv8</a>,09h08m48.37s,137.2015437,+11d51m44.10s,11.8622503,497.3173169,-458.496,192.629,21.8182,15.33,9.899,13.7957,2023-03-28,2023-03,28/03/2023
187,35840,nu Oct A b,nu Oct A,Gaia DR2 6356375508717699584,0,2,1,Radial Velocity,2016,University of Canterbury Mt John Observatory,Published Confirmed,1,<a refstr=RAMM_ET_AL__2016 href=https://ui.adsabs.harvard.edu/abs/2016MNRAS.460.3706R/abstract target=ref>Ramm et al. 2016</a>,414.8,1.276,,,2.11,0,<a refstr=RAMM_ET_AL__2016 href=https://ui.adsabs.harvard.edu/abs/2016MNRAS.460.3706R/abstract target=ref>Ramm et al. 2016</a>,K0 III,4860.0,5.81,1.61,0.18,[Fe/H],3.12,<a refstr=STASSUN_ET_AL__2019 href=https://ui.adsabs.harvard.edu/abs/2019AJ....158..138S/abstract target=ref>TICv8</a>,21h41m28.87s,325.3702792,-77d23m27.91s,-77.3910853,248.6463352,65.0,-240.0,21.1999,3.73,1.458,3.44162,2023-01-18,2016-08,18/01/2023
165,33619,TOI-1468 b,TOI-1468,Gaia DR2 2785466581298775680,1,1,2,Transit,2022,Transiting Exoplanet Survey Satellite (TESS),Published Confirmed,0,<a refstr=CHATURVEDI_ET_AL__2022 href=https://ui.adsabs.harvard.edu/abs/2022A&A...666A.155C/abstract target=ref>Chaturvedi et al. 2022</a>,1.8805136,,1.28,0.114,0.0101,0,<a refstr=CHATURVEDI_ET_AL__2022 href=https://ui.adsabs.harvard.edu/abs/2022A&A...666A.155C/abstract target=ref>Chaturvedi et al. 2022</a>,M3.0 V,3496.0,0.34,0.34,-0.04,[Fe/H],5.0,<a refstr=STASSUN_ET_AL__2019 href=https://ui.adsabs.harvard.edu/abs/2019AJ....158..138S/abstract target=ref>TICv8</a>,01h06m36.93s,16.6538724,+19d13m29.71s,19.2249195,226.5243185,-41.4646,-222.697,24.7399,12.5,8.497,12.1172,2022-11-07,2022-10,7/11/2022
112,2557,HD 190360 b,HD 190360,Gaia DR2 2029433521248546304,1,2,2,Radial Velocity,2003,Haute-Provence Observatory,Published Confirmed,0,<a refstr=FENG_ET_AL__2021 href=https://ui.adsabs.harvard.edu/abs/2021MNRAS.507.2856F/abstract target=ref>Feng et al. 2021</a>,2854.0,3.9,,,1.8,0,<a refstr=FENG_ET_AL__2021 href=https://ui.adsabs.harvard.edu/abs/2021MNRAS.507.2856F/abstract target=ref>Feng et al. 2021</a>,G V,,,1.0,,,,<a refstr=STASSUN_ET_AL__2019 href=https://ui.adsabs.harvard.edu/abs/2019AJ....158..138S/abstract target=ref>TICv8</a>,20h03m38.22s,300.9092476,+29d53m40.35s,29.894541,862.1421738,683.341,-525.675,16.0069,5.738,4.076,5.55436,2022-09-19,2021-10,19/09/2022
86,792,GJ 896 A b,GJ 896 A,Gaia DR2 2824770686019003904,1,2,1,Astrometry,2022,Very Long Baseline Array,Published Confirmed,0,<a refstr=CURIEL_ET_AL__2022 href=https://ui.adsabs.harvard.edu/abs/2022AJ....164...93C/abstract target=ref>Curiel et al. 2022</a>,284.39,0.63965,,,2.26,0,<a refstr=CURIEL_ET_AL__2022 href=https://ui.adsabs.harvard.edu/abs/2022AJ....164...93C/abstract target=ref>Curiel et al. 2022</a>,M3.5 V,,,0.44,,,,<a refstr=STASSUN_ET_AL__2019 href=https://ui.adsabs.harvard.edu/abs/2019AJ....158..138S/abstract target=ref>TICv8</a>,23h31m52.81s,352.9700384,+19d56m13.20s,19.9370011,580.6759005,577.605,-59.6403,6.26022,10.05,5.326,9.03758,2022-09-14,2022-09,14/09/2022
99,2297,HD 160691 b,HD 160691,Gaia DR2 5945941905576552064,1,1,4,Radial Velocity,2000,Anglo-Australian Telescope,Published Confirmed,0,<a refstr=BENEDICT_ET_AL__2022 href=https://ui.adsabs.harvard.edu/abs/2022AJ....163..295B/abstract target=ref>Benedict et al. 2022</a>,645.0,,,,4.3,0,<a refstr=BENEDICT_ET_AL__2022 href=https://ui.adsabs.harvard.edu/abs/2022AJ....163..295B/abstract target=ref>Benedict et al. 2022</a>,G3 IV-V,5773.0,1.33,1.13,0.28,[Fe/H],4.2,<a refstr=STASSUN_ET_AL__2019 href=https://ui.adsabs.harvard.edu/abs/2019AJ....158..138S/abstract target=ref>TICv8</a>,17h44m08.68s,266.0361585,-51d50m05.55s,-51.8348751,191.5319109,-15.3104,-190.919,15.5981,5.12,3.683,4.94916,2022-08-01,2022-06,1/08/2022
121,3538,HD 87883 b,HD 87883,Gaia DR2 747266452000257280,0,1,1,Radial Velocity,2009,Lick Observatory,Published Confirmed,0,<a refstr=LI_ET_AL__2021 href=https://ui.adsabs.harvard.edu/abs/2021AJ....162..266L/abstract target=ref>Li et al. 2021</a>,3006.0,3.77,,,6.31,0,<a refstr=LI_ET_AL__2021 href=https://ui.adsabs.harvard.edu/abs/2021AJ....162..266L/abstract target=ref>Li et al. 2021</a>,K0,,,0.8,0.11,[Fe/H],,<a refstr=STASSUN_ET_AL__2019 href=https://ui.adsabs.harvard.edu/abs/2019AJ....158..138S/abstract target=ref>TICv8</a>,10h08m43.06s,152.1794175,+34d14m31.19s,34.2419984,89.224207,-64.5653,-61.5815,18.2912,7.56,5.314,7.27194,2022-06-27,2021-12,27/06/2022
115,2938,HD 260655 b,HD 260655,Gaia DR2 3359074685047632640,1,1,2,Transit,2022,Transiting Exoplanet Survey Satellite (TESS),Published Confirmed,0,<a refstr=LUQUE_ET_AL__2022 href=https://ui.adsabs.harvard.edu/abs/2022arXiv220410261L/abstract target=ref>Luque et al. 2022</a>,2.76953,0.02933,1.24,0.111,0.00673,0,<a refstr=LUQUE_ET_AL__2022 href=https://ui.adsabs.harvard.edu/abs/2022arXiv220410261L/abstract target=ref>Luque et al. 2022</a>,M0 V,3803.0,0.44,0.44,-0.43,[Fe/H],5.2,<a refstr=STASSUN_ET_AL__2019 href=https://ui.adsabs.harvard.edu/abs/2019AJ....158..138S/abstract target=ref>TICv8</a>,06h37m09.97s,99.2915429,+17d33m58.57s,17.5662696,835.8253883,-764.522,337.802,10.0055,9.63,5.862,8.876041,2022-06-27,2022-04,27/06/2022
21,158,AU Mic b,AU Mic,Gaia DR2 6794047652729201024,1,1,3,Transit,2020,Transiting Exoplanet Survey Satellite (TESS),Published Confirmed,0,<a refstr=CALE_ET_AL__2021 href=https://ui.adsabs.harvard.edu/abs/2021AJ....162..295C/abstract target=ref>Cale et al. 2021</a>,8.4629991,0.0645,,,0.0633,1,<a refstr=CALE_ET_AL__2021 href=https://ui.adsabs.harvard.edu/abs/2021AJ....162..295C/abstract target=ref>Cale et al. 2021</a>,,,,0.5,,,,<a refstr=STASSUN_ET_AL__2019 href=https://ui.adsabs.harvard.edu/abs/2019AJ....158..138S/abstract target=ref>TICv8</a>,20h45m09.87s,311.2911369,-31d20m32.82s,-31.34245,456.8630854,281.424,-359.895,9.7221,8.81,4.529,7.84038,2022-05-09,2021-12,9/05/2022
173,35666,WD 0806-661 b,WD 0806-661,Gaia DR2 5274517467840296832,1,1,1,Imaging,2011,Spitzer Space Telescope,Published Confirmed,0,<a refstr=RODRIGUEZ_ET_AL__2011 href=https://ui.adsabs.harvard.edu/abs/2011ApJ...732L..29R/abstract target=ref> Rodriguez et al. 2011 </a>,,2500.0,,,8.0,0,<a refstr=RODRIGUEZ_ET_AL__2011 href=https://ui.adsabs.harvard.edu/abs/2011ApJ...732L..29R/abstract target=ref> Rodriguez et al. 2011 </a>,DQ,,,0.62,,,,<a refstr=STASSUN_ET_AL__2019 href=https://ui.adsabs.harvard.edu/abs/2019AJ....158..138S/abstract target=ref>TICv8</a>,08h06m54.62s,121.7275683,-66d18m21.18s,-66.3058835,442.7731538,335.547,-288.888,19.2444,13.855,13.781,13.6826,2022-04-12,2011-05,12/04/2022
56,629,GJ 3929 b,GJ 3929,Gaia DR2 1372215976327300480,0,1,2,Transit,2022,Transiting Exoplanet Survey Satellite (TESS),Published Confirmed,0,<a refstr=KEMMER_ET_AL__2022 href=https://ui.adsabs.harvard.edu/abs/2022arXiv220200970K/abstract target=ref>Kemmer et al. 2022</a>,2.6162745,0.02569,1.15,0.103,0.00381,0,<a refstr=KEMMER_ET_AL__2022 href=https://ui.adsabs.harvard.edu/abs/2022arXiv220200970K/abstract target=ref>Kemmer et al. 2022</a>,M3.5 V,3369.0,0.32,0.31,0.0,[Fe/H],4.84,<a refstr=STASSUN_ET_AL__2019 href=https://ui.adsabs.harvard.edu/abs/2019AJ....158..138S/abstract target=ref>TICv8</a>,15h58m18.62s,239.5775678,+35d24m29.21s,35.4081141,348.9865767,-143.277,318.219,15.8095,12.675,7.869,11.5109,2022-02-22,2022-02,22/02/2022
146,32760,LTT 1445 A b,LTT 1445 A,Gaia DR2 5153091836072107136,0,3,2,Transit,2019,Transiting Exoplanet Survey Satellite (TESS),Published Confirmed,0,<a refstr=WINTERS_ET_AL__2021 href=https://ui.adsabs.harvard.edu/abs/2021arXiv210714737W/abstract target=ref>Winters et al. 2021</a>,5.3587657,0.03813,1.305,0.116,0.00903,0,<a refstr=WINTERS_ET_AL__2021 href=https://ui.adsabs.harvard.edu/abs/2021arXiv210714737W/abstract target=ref>Winters et al. 2021</a>,,3340.0,0.27,0.26,-0.34,[Fe/H],,<a refstr=STASSUN_ET_AL__2019 href=https://ui.adsabs.harvard.edu/abs/2019AJ....158..138S/abstract target=ref>TICv8</a>,03h01m50.99s,45.4624781,-16d35m40.18s,-16.5944956,456.5121099,-369.196,-268.51,6.86929,10.59,6.496,10.0469,2022-01-24,2021-07,24/01/2022
54,623,GJ 367 b,GJ 367,Gaia DR2 5412250540681250560,0,1,3,Transit,2021,Transiting Exoplanet Survey Satellite (TESS),Published Confirmed,0,<a refstr=LAM_ET_AL__2021 href=https://ui.adsabs.harvard.edu/abs/2021Sci...374.1271L/abstract target=ref>Lam et al. 2021</a>,0.321962,0.0071,0.718,0.064,0.00172,0,<a refstr=LAM_ET_AL__2021 href=https://ui.adsabs.harvard.edu/abs/2021Sci...374.1271L/abstract target=ref>Lam et al. 2021</a>,M1.0 V,3522.0,0.46,0.45,-0.01,[Fe/H],4.78,<a refstr=STASSUN_ET_AL__2019 href=https://ui.adsabs.harvard.edu/abs/2019AJ....158..138S/abstract target=ref>TICv8</a>,09h44m29.15s,146.121464,-45d46m44.46s,-45.7790165,744.05896,-462.549,-582.814,9.41263,10.153,5.78,9.15159,2021-12-02,2021-12,2/12/2021
144,32724,LHS 1678 b,LHS 1678,Gaia DR2 4864160624337973248,0,2,3,Transit,2021,Transiting Exoplanet Survey Satellite (TESS),Published Confirmed,0,<a refstr=SILVERSTEIN_ET_AL__2022 href=https://ui.adsabs.harvard.edu/abs/2022AJ....163..151S/abstract target=ref>Silverstein et al. 2022</a>,0.8602322,0.01251,0.696,0.062,0.0011,0,<a refstr=SILVERSTEIN_ET_AL__2022 href=https://ui.adsabs.harvard.edu/abs/2022AJ....163..151S/abstract target=ref>Silverstein et al. 2022</a>,M2.0 V,3490.0,0.33,0.34,,,,<a refstr=STASSUN_ET_AL__2019 href=https://ui.adsabs.harvard.edu/abs/2019AJ....158..138S/abstract target=ref>TICv8</a>,04h32m42.96s,68.1789866,-39d47m27.15s,-39.7908744,996.9452302,239.41,-967.772,19.8782,12.6,8.264,11.5403,2021-11-02,2022-04,2/11/2021
32,220,COCONUTS-2 b,COCONUTS-2 A,Gaia DR2 5213167330349528064,1,1,1,Imaging,2021,NASA Infrared Telescope Facility (IRTF),Published Confirmed,0,<a refstr=ZHANG_ET_AL__2021 href=https://ui.adsabs.harvard.edu/abs/2021ApJ...916L..11Z/abstract target=ref>Zhang et al. 2021</a>,402000000.0,7506.0,12.442,1.11,6.3,0,<a refstr=ZHANG_ET_AL__2021 href=https://ui.adsabs.harvard.edu/abs/2021ApJ...916L..11Z/abstract target=ref>Zhang et al. 2021</a>,M3 V,3406.0,0.39,0.37,0.0,[Fe/H],4.83,<a refstr=STASSUN_ET_AL__2019 href=https://ui.adsabs.harvard.edu/abs/2019AJ....158..138S/abstract target=ref>TICv8</a>,07h49m12.22s,117.300914,-76d42m09.71s,-76.702696,218.5285982,-101.997,-193.265,10.8864,11.298,6.579,10.146,2021-08-16,2021-08,16/08/2021
149,32764,LTT 3780 b,LTT 3780,Gaia DR2 3767281845873242112,0,2,2,Transit,2020,Transiting Exoplanet Survey Satellite (TESS),Published Confirmed,0,<a refstr=NOWAK_ET_AL__2020 href=https://ui.adsabs.harvard.edu/abs/2020A&A...642A.173N/abstract target=ref>Nowak et al. 2020</a>,0.768377,0.01203,1.35,0.12,0.00736,0,<a refstr=NOWAK_ET_AL__2020 href=https://ui.adsabs.harvard.edu/abs/2020A&A...642A.173N/abstract target=ref>Nowak et al. 2020</a>,M3.5 V,3360.0,0.38,0.38,0.09,[Fe/H],4.81,<a refstr=STASSUN_ET_AL__2019 href=https://ui.adsabs.harvard.edu/abs/2019AJ....158..138S/abstract target=ref>TICv8</a>,10h18m34.78s,154.6449033,-11d43m04.08s,-11.717801,421.9000381,-341.409,-247.87,21.9814,13.14,8.204001,11.8465,2021-08-03,2020-10,3/08/2021
170,33923,TOI-270 b,TOI-270,Gaia DR2 4781196115469953024,1,1,3,Transit,2019,Transiting Exoplanet Survey Satellite (TESS),Published Confirmed,0,<a refstr=VAN_EYLEN_ET_AL__2021 href=https://ui.adsabs.harvard.edu/abs/2021MNRAS.507.2154V/abstract target=ref>Van Eylen et al. 2021</a>,3.3601538,0.03197,1.206,0.108,0.00497,0,<a refstr=VAN_EYLEN_ET_AL__2021 href=https://ui.adsabs.harvard.edu/abs/2021MNRAS.507.2154V/abstract target=ref>Van Eylen et al. 2021</a>,M,3506.0,0.38,0.39,-0.2,[Fe/H],4.87,<a refstr=STASSUN_ET_AL__2019 href=https://ui.adsabs.harvard.edu/abs/2019AJ....158..138S/abstract target=ref>TICv8</a>,04h33m39.86s,68.4160804,-51d57m26.62s,-51.9573937,282.2188579,82.9441,-269.755,22.4793,12.603,8.251,11.6306,2021-08-03,2021-10,3/08/2021
117,3132,HD 39091 b,HD 39091,Gaia DR2 4623036865373793408,0,1,3,Radial Velocity,2001,Anglo-Australian Telescope,Published Confirmed,0,<a refstr=VENNER_ET_AL__2021 href=https://ui.adsabs.harvard.edu/abs/2021AJ....162...12V/abstract target=ref>Venner et al. 2021</a>,2091.0,3.308,,,12.9,0,<a refstr=HUANG_ET_AL__2018 href=https://ui.adsabs.harvard.edu/abs/2018ApJ...868L..39H/abstract target=ref>Huang et al. 2018</a>,G0 V,6037.0,1.1,1.09,0.08,[Fe/H],4.42,<a refstr=STASSUN_ET_AL__2019 href=https://ui.adsabs.harvard.edu/abs/2019AJ....158..138S/abstract target=ref>TICv8</a>,05h37m11.83s,84.2992798,-80d27m52.57s,-80.4646041,1094.030482,311.187,1048.84,18.2702,5.65,4.241,5.5128,2021-07-26,2021-07,26/07/2021
137,32710,LHS 1140 b,LHS 1140,Gaia DR2 2371032916186181760,0,1,2,Transit,2017,MEarth Project,Published Confirmed,0,<a refstr=LILLO_BOX_ET_AL__2020 href=https://ui.adsabs.harvard.edu/abs/2020A&A...642A.121L/abstract target=ref>Lillo-Box et al. 2020</a>,24.73694,0.0957,1.635,0.146,0.02007,0,<a refstr=LILLO_BOX_ET_AL__2020 href=https://ui.adsabs.harvard.edu/abs/2020A&A...642A.121L/abstract target=ref>Lillo-Box et al. 2020</a>,,2988.0,0.21,0.19,-0.262,[Fe/H],,<a refstr=STASSUN_ET_AL__2019 href=https://ui.adsabs.harvard.edu/abs/2019AJ....158..138S/abstract target=ref>TICv8</a>,00h44m59.67s,11.248632,-15d16m26.79s,-15.2741085,675.8787442,317.585,-596.617,14.9861,14.15,8.821,12.6706,2021-05-17,2020-10,17/05/2021
67,681,GJ 486 b,GJ 486,Gaia DR2 3735000631158990976,1,1,1,Radial Velocity,2021,Calar Alto Observatory,Published Confirmed,0,<a refstr=TRIFONOV_ET_AL__2021 href=https://ui.adsabs.harvard.edu/abs/2021Sci...371.1038T/abstract target=ref>Trifonov et al. 2021</a>,1.467119,0.01734,1.305,0.116,0.00887,0,<a refstr=TRIFONOV_ET_AL__2021 href=https://ui.adsabs.harvard.edu/abs/2021Sci...371.1038T/abstract target=ref>Trifonov et al. 2021</a>,M3.5 V,3340.0,0.33,0.32,0.07,[Fe/H],,<a refstr=STASSUN_ET_AL__2019 href=https://ui.adsabs.harvard.edu/abs/2019AJ....158..138S/abstract target=ref>TICv8</a>,12h47m55.57s,191.981531,+09d44m57.91s,9.7494181,1108.4629,-1008.6,-459.8,8.07426,11.39,6.362,10.094,2021-03-15,2021-03,18/03/2021
1,71,55 Cnc b,55 Cnc,Gaia DR2 704967037090946688,0,2,5,Radial Velocity,1996,Lick Observatory,Published Confirmed,0,<a refstr=NELSON_ET_AL__2014 href=https://ui.adsabs.harvard.edu/abs/2014MNRAS.441..442N/abstract target=ref> Nelson et al. 2014</a>,14.465314,0.11339,,,0.84,0,<a refstr=STASSUN_ET_AL__2019 href=https://ui.adsabs.harvard.edu/abs/2019AJ....158..138S/abstract target=ref>TICv8</a>,,5250.0,0.96,0.9,0.35,[M/H],4.42,<a refstr=STASSUN_ET_AL__2019 href=https://ui.adsabs.harvard.edu/abs/2019AJ....158..138S/abstract target=ref>TICv8</a>,08h52m35.24s,133.1468373,+28d19m47.34s,28.3298154,539.1329986,-485.872,-233.651,12.5855,5.95084,4.015,5.72973,2021-02-05,2014-06,21/08/2014
91,2072,HD 136352 b,HD 136352,Gaia DR2 5902750168276592256,0,1,3,Radial Velocity,2019,La Silla Observatory,Published Confirmed,0,<a refstr=KANE_ET_AL__2020 href=https://ui.adsabs.harvard.edu/abs/2020AJ....160..129K/abstract target=ref>Kane et al. 2020</a>,11.57779,0.0969,1.482,0.132,0.01454,0,<a refstr=KANE_ET_AL__2020 href=https://ui.adsabs.harvard.edu/abs/2020AJ....160..129K/abstract target=ref>Kane et al. 2020</a>,,5850.0,1.01,0.91,-0.25,[Fe/H],4.38,<a refstr=STASSUN_ET_AL__2019 href=https://ui.adsabs.harvard.edu/abs/2019AJ....158..138S/abstract target=ref>TICv8</a>,15h21m45.63s,230.4401147,-48d19m07.74s,-48.3188174,1647.339568,-1624.05,-276.024,14.682,5.65,4.159,5.48495,2020-12-10,2020-09,17/12/2020
164,33432,Ross 458 c,Ross 458,Gaia DR2 3737308025028857600,1,2,1,Imaging,2010,Las Campanas Observatory,Published Confirmed,0,<a refstr=BURGASSER_ET_AL__2010 href=https://ui.adsabs.harvard.edu/abs/2010ApJ...725.1405B/abstract target=ref> Burgasser et al. 2010 </a>,,1100.0,14.011,1.25,6.0,0,<a refstr=BURGASSER_ET_AL__2010 href=https://ui.adsabs.harvard.edu/abs/2010ApJ...725.1405B/abstract target=ref> Burgasser et al. 2010 </a>,,,,,,,,<a refstr=STASSUN_ET_AL__2019 href=https://ui.adsabs.harvard.edu/abs/2019AJ....158..138S/abstract target=ref>TICv8</a>,13h00m45.89s,195.1912147,+12d22m32.16s,12.3755996,633.1763223,-632.151,-36.019,11.5094,9.76,5.578,8.90809,2020-09-18,2010-12,24/09/2020
182,35799,eps Eri b,eps Eri,Gaia DR2 5164707970261630080,0,1,1,Radial Velocity,2000,Multiple Observatories,Published Confirmed,0,<a refstr=HATZES_ET_AL__2000 href=https://ui.adsabs.harvard.edu/abs/2000ApJ...544L.145H/abstract target=ref> Hatzes et al. 2000 </a>,2502.1,3.4,,,1.7,0,<a refstr=HATZES_ET_AL__2000 href=https://ui.adsabs.harvard.edu/abs/2000ApJ...544L.145H/abstract target=ref> Hatzes et al. 2000 </a>,,,,0.85,,,,<a refstr=STASSUN_ET_AL__2019 href=https://ui.adsabs.harvard.edu/abs/2019AJ....158..138S/abstract target=ref>TICv8</a>,03h32m54.82s,53.2284306,-09d27m29.42s,-9.4581715,975.5865066,-975.376,20.2655,3.2026,3.71548,1.776,3.47719,2020-09-08,2000-12,3/09/2015
51,578,GJ 317 b,GJ 317,Gaia DR2 5701750711020088192,0,1,2,Radial Velocity,2007,W. M. Keck Observatory,Published Confirmed,0,<a refstr=ANGLADA_ESCUDE_ET_AL__2012 href=https://ui.adsabs.harvard.edu/abs/2012ApJ...746...37A/abstract target=ref> Anglada-Escud&eacute; et al. 2012 </a>,692.0,1.15,,,2.5,0,<a refstr=ANGLADA_ESCUDE_ET_AL__2012 href=https://ui.adsabs.harvard.edu/abs/2012ApJ...746...37A/abstract target=ref> Anglada-Escud&eacute; et al. 2012 </a>,M2.5 V,3510.0,,0.42,0.36,[Fe/H],,<a refstr=STASSUN_ET_AL__2019 href=https://ui.adsabs.harvard.edu/abs/2019AJ....158..138S/abstract target=ref>TICv8</a>,08h40m58.69s,130.2445254,-23d27m10.11s,-23.452809,928.2322049,-461.162,805.571,15.1968,12.4,7.028,10.7539,2020-09-08,2012-02,27/08/2014
129,32692,L 98-59 b,L 98-59,Gaia DR2 5271055243163629056,0,1,4,Transit,2019,Transiting Exoplanet Survey Satellite (TESS),Published Confirmed,0,<a refstr=CLOUTIER_ET_AL__2019 href=https://ui.adsabs.harvard.edu/abs/2019A&A...629A.111C/abstract target=ref>Cloutier et al. 2019</a>,2.2531,0.02282,0.8,0.071,0.00318,0,<a refstr=CLOUTIER_ET_AL__2019 href=https://ui.adsabs.harvard.edu/abs/2019A&A...629A.111C/abstract target=ref>Cloutier et al. 2019</a>,M3 V,3412.0,0.31,0.31,-0.5,[Fe/H],4.94,<a refstr=STASSUN_ET_AL__2019 href=https://ui.adsabs.harvard.edu/abs/2019AJ....158..138S/abstract target=ref>TICv8</a>,08h18m07.89s,124.5328604,-68d18m52.08s,-68.3144658,353.4129312,94.7675,-340.47,10.6194,11.685,7.101,10.5976,2020-04-10,2019-09,16/04/2020
186,35804,eps Ind A b,eps Ind A,Gaia DR2 6412595290592307840,1,3,1,Radial Velocity,2019,La Silla Observatory,Published Confirmed,0,<a refstr=FENG_ET_AL__2019 href=https://ui.adsabs.harvard.edu/abs/2019MNRAS.490.5002F/abstract target=ref>Feng et al. 2019</a>,16510.0,11.55,,,3.25,0,<a refstr=FENG_ET_AL__2019 href=https://ui.adsabs.harvard.edu/abs/2019MNRAS.490.5002F/abstract target=ref>Feng et al. 2019</a>,K2 V,,,0.75,,,,<a refstr=STASSUN_ET_AL__2019 href=https://ui.adsabs.harvard.edu/abs/2019AJ....158..138S/abstract target=ref>TICv8</a>,22h03m29.14s,330.8714021,-56d47m48.85s,-56.7969023,4708.235884,3967.04,-2535.76,3.63857,4.69,2.237,4.34562,2019-10-18,2019-12,24/10/2019
52,615,GJ 357 b,GJ 357,Gaia DR2 5664814198431308288,0,1,3,Transit,2019,Transiting Exoplanet Survey Satellite (TESS),Published Confirmed,0,<a refstr=LUQUE_ET_AL__2019 href=https://ui.adsabs.harvard.edu/abs/2019A&A...628A..39L/abstract target=ref>Luque et al. 2019</a>,3.93072,0.035,1.217,0.109,0.00579,0,<a refstr=LUQUE_ET_AL__2019 href=https://ui.adsabs.harvard.edu/abs/2019A&A...628A..39L/abstract target=ref>Luque et al. 2019</a>,M2.5 V,3505.0,0.34,0.34,-0.12,[Fe/H],4.94,<a refstr=STASSUN_ET_AL__2019 href=https://ui.adsabs.harvard.edu/abs/2019AJ....158..138S/abstract target=ref>TICv8</a>,09h36m01.79s,144.0074644,-21d39m54.23s,-21.6650634,999.9759509,138.694,-990.311,9.44181,10.91,6.475,9.88036,2019-08-09,2019-08,15/08/2019
47,538,GJ 143 b,GJ 143,Gaia DR2 4673947174316727040,0,1,2,Transit,2019,Transiting Exoplanet Survey Satellite (TESS),Published Confirmed,0,<a refstr=TRIFONOV_ET_AL__2019 href=https://ui.adsabs.harvard.edu/abs/2019A&A...622L...7T/abstract target=ref>Trifonov et al. 2019</a>,35.589,0.1932,,,0.09637,0,<a refstr=TRIFONOV_ET_AL__2019 href=https://ui.adsabs.harvard.edu/abs/2019A&A...622L...7T/abstract target=ref>Trifonov et al. 2019</a>,,,0.73,0.76,,,,<a refstr=STASSUN_ET_AL__2019 href=https://ui.adsabs.harvard.edu/abs/2019AJ....158..138S/abstract target=ref>TICv8</a>,03h27m00.05s,51.7501882,-63d30m00.60s,-63.500166,432.8060751,355.084,-247.46,16.32,8.08,5.375,7.67906,2019-04-22,2019-02,14/02/2019
103,2525,HD 189733 b,HD 189733,Gaia DR2 1827242816201846144,0,2,1,Radial Velocity,2005,Haute-Provence Observatory,Published Confirmed,0,<a refstr=BONOMO_ET_AL__2017 href=https://ui.adsabs.harvard.edu/abs/2017A&A...602A.107B/abstract target=ref>Bonomo et al. 2017</a>,2.2185752,0.031,12.756,1.138,1.123,0,<a refstr=BONOMO_ET_AL__2017 href=https://ui.adsabs.harvard.edu/abs/2017A&A...602A.107B/abstract target=ref>Bonomo et al. 2017</a>,,5040.0,0.76,0.81,-0.03,[Fe/H],,<a refstr=STASSUN_ET_AL__2019 href=https://ui.adsabs.harvard.edu/abs/2019AJ....158..138S/abstract target=ref>TICv8</a>,20h00m43.71s,300.1821223,+22d42m35.19s,22.7097759,250.2466863,-3.29445,-250.225,19.7638,7.67,5.541,7.41432,2019-03-18,2017-06,21/03/2019
20,142,70 Vir b,70 Vir,Gaia DR2 3740176925743650688,0,1,1,Radial Velocity,1996,Lick Observatory,Published Confirmed,0,<a refstr=BUTLER_ET_AL__2006 href=https://ui.adsabs.harvard.edu/abs/2006ApJ...646..505B/abstract target=ref> Butler et al. 2006 </a>,116.6884,0.484,,,7.49,0,<a refstr=BUTLER_ET_AL__2006 href=https://ui.adsabs.harvard.edu/abs/2006ApJ...646..505B/abstract target=ref> Butler et al. 2006 </a>,,5545.0,,1.11,-0.012,[Fe/H],4.07,<a refstr=STASSUN_ET_AL__2019 href=https://ui.adsabs.harvard.edu/abs/2019AJ....158..138S/abstract target=ref>TICv8</a>,13h28m25.56s,202.1064898,+13d46m34.71s,13.7763085,622.5685118,-235.562,-576.283,17.9011,4.96808,3.5,4.76178,2018-12-03,2006-07,14/05/2014
175,35786,bet Pic b,bet Pic,Gaia DR2 4792774797545105664,0,1,2,Imaging,2008,Paranal Observatory,Published Confirmed,0,<a refstr=LAGRANGE_ET_AL__2009 href=https://ui.adsabs.harvard.edu/abs/2009A&A...493L..21L/abstract target=ref> Lagrange et al. 2009 </a>,6000.0,8.0,,,8.0,0,<a refstr=STASSUN_ET_AL__2019 href=https://ui.adsabs.harvard.edu/abs/2019AJ....158..138S/abstract target=ref>TICv8</a>,,8038.68,1.54,1.95,,,4.35,<a refstr=STASSUN_ET_AL__2019 href=https://ui.adsabs.harvard.edu/abs/2019AJ....158..138S/abstract target=ref>TICv8</a>,05h47m17.10s,86.8212337,-51d03m58.13s,-51.066148,82.614613,2.49266,82.577,19.7442,3.85,3.526,3.82015,2018-10-05,2009-01,16/05/2014
33,501,GJ 1132 b,GJ 1132,Gaia DR2 5413438219396893568,0,1,2,Transit,2015,Cerro Tololo Inter-American Observatory,Published Confirmed,0,<a refstr=CLOUTIER_ET_AL__2017 href=https://ui.adsabs.harvard.edu/abs/2017AJ....153....9C/abstract target=ref>Cloutier et al. 2017</a>,,,,,0.00497,0,<a refstr=CLOUTIER_ET_AL__2017 href=https://ui.adsabs.harvard.edu/abs/2017AJ....153....9C/abstract target=ref>Cloutier et al. 2017</a>,,,,,,,,<a refstr=STASSUN_ET_AL__2019 href=https://ui.adsabs.harvard.edu/abs/2019AJ....158..138S/abstract target=ref>TICv8</a>,10h14m50.18s,153.7090696,-47d09m17.77s,-47.1549358,1132.483258,-1053.98,414.3,12.613,13.68,8.322,12.138,2018-06-26,2017-01,1/12/2016
69,719,GJ 676 A b,GJ 676 A,Gaia DR2 5925209583053212800,0,2,4,Radial Velocity,2010,La Silla Observatory,Published Confirmed,0,<a refstr=SAHLMANN_ET_AL__2016 href=https://ui.adsabs.harvard.edu/abs/2016A&A...595A..77S/abstract target=ref>Sahlmann et al. 2016</a>,1051.1,1.812,,,6.7,0,<a refstr=SAHLMANN_ET_AL__2016 href=https://ui.adsabs.harvard.edu/abs/2016A&A...595A..77S/abstract target=ref>Sahlmann et al. 2016</a>,,,,,,,,<a refstr=STASSUN_ET_AL__2019 href=https://ui.adsabs.harvard.edu/abs/2019AJ....158..138S/abstract target=ref>TICv8</a>,17h30m10.77s,262.5448903,-51d38m16.00s,-51.6377777,317.0836723,-257.873,-184.509,16.0272,9.58,5.825,8.86517,2018-04-25,2016-11,29/09/2016
123,3628,HD 97658 b,HD 97658,Gaia DR2 3997075206232885888,0,1,1,Radial Velocity,2010,W. M. Keck Observatory,Published Confirmed,0,<a refstr=VAN_GROOTEL_ET_AL__2014 href=https://ui.adsabs.harvard.edu/abs/2014ApJ...786....2V/abstract target=ref> Van Grootel et al. 2014</a>,9.4903,0.08,2.247,0.2,0.024,0,<a refstr=VAN_GROOTEL_ET_AL__2014 href=https://ui.adsabs.harvard.edu/abs/2014ApJ...786....2V/abstract target=ref> Van Grootel et al. 2014</a>,K1,5170.0,0.74,0.77,-0.23,[Fe/H],4.58,<a refstr=STASSUN_ET_AL__2019 href=https://ui.adsabs.harvard.edu/abs/2019AJ....158..138S/abstract target=ref>TICv8</a>,11h14m33.04s,168.6376584,+25d42m38.15s,25.7105962,118.0319107,-107.534,48.6618,21.5618,7.76,5.734,7.5136,2018-04-25,2014-05,14/05/2014
58,655,GJ 436 b,GJ 436,Gaia DR2 4017860992519744384,0,1,1,Radial Velocity,2004,W. M. Keck Observatory,Published Confirmed,0,<a refstr=TURNER_ET_AL__2016 href=https://ui.adsabs.harvard.edu/abs/2016MNRAS.459..789T/abstract target=ref>Turner et al. 2016</a>,2.64389788,0.03109,4.191,0.374,0.0728,0,<a refstr=TURNER_ET_AL__2016 href=https://ui.adsabs.harvard.edu/abs/2016MNRAS.459..789T/abstract target=ref>Turner et al. 2016</a>,,3350.0,,,-0.15,[Fe/H],4.43,<a refstr=STASSUN_ET_AL__2019 href=https://ui.adsabs.harvard.edu/abs/2019AJ....158..138S/abstract target=ref>TICv8</a>,11h42m12.13s,175.5505363,+26d42m11.04s,26.7030669,1209.857678,895.047,-814.031,9.75321,10.67,6.073,9.57148,2016-03-29,2016-06,31/03/2016
0,68,51 Peg b,51 Peg,Gaia DR2 2835207319109249920,0,1,1,Radial Velocity,1995,Haute-Provence Observatory,Published Confirmed,0,<a refstr=MARTINS_ET_AL__2015 href=https://ui.adsabs.harvard.edu/abs/2015A&A...576A.134M/abstract target=ref>Martins et al. 2015</a>,4.231,0.052,,,0.46,0,<a refstr=MARTINS_ET_AL__2015 href=https://ui.adsabs.harvard.edu/abs/2015A&A...576A.134M/abstract target=ref>Martins et al. 2015</a>,,,,1.04,,,,<a refstr=STASSUN_ET_AL__2019 href=https://ui.adsabs.harvard.edu/abs/2019AJ....158..138S/abstract target=ref>TICv8</a>,22h57m28.21s,344.3675399,+20d46m08.74s,20.7690958,216.4603396,207.363,62.094,15.4614,5.45309,3.911,5.28647,2015-08-26,2015-04,27/08/2015
90,2030,HD 128311 c,HD 128311,Gaia DR2 1176209886733406592,1,1,2,Radial Velocity,2005,W. M. Keck Observatory,Published Confirmed,0,<a refstr=MCARTHUR_ET_AL__2014 href=https://ui.adsabs.harvard.edu/abs/2014ApJ...795...41M/abstract target=ref>McArthur et al. 2014</a>,921.538,1.74,,,3.789,0,<a refstr=MCARTHUR_ET_AL__2014 href=https://ui.adsabs.harvard.edu/abs/2014ApJ...795...41M/abstract target=ref>McArthur et al. 2014</a>,,,0.76,0.83,,,4.61,<a refstr=STASSUN_ET_AL__2019 href=https://ui.adsabs.harvard.edu/abs/2019AJ....158..138S/abstract target=ref>TICv8</a>,14h36m00.78s,219.0032292,+09d44m43.57s,9.7454368,323.1998789,204.36,-250.39,16.3292,7.48,5.142,7.16719,2015-06-24,2014-11,25/06/2015
192,35874,tau Boo b,tau Boo,Gaia DR2 1244571953471006720,0,2,1,Radial Velocity,1996,Lick Observatory,Published Confirmed,0,<a refstr=BROGI_ET_AL__2012 href=https://ui.adsabs.harvard.edu/abs/2012Natur.486..502B/abstract target=ref> Brogi et al. 2012 </a>,3.312433,,,,5.95,0,<a refstr=BROGI_ET_AL__2012 href=https://ui.adsabs.harvard.edu/abs/2012Natur.486..502B/abstract target=ref> Brogi et al. 2012 </a>,,6400.0,1.46,1.34,0.5,[Fe/H],4.5,<a refstr=STASSUN_ET_AL__2019 href=https://ui.adsabs.harvard.edu/abs/2019AJ....158..138S/abstract target=ref>TICv8</a>,13h47m15.23s,206.8134593,+17d27m25.79s,17.4571647,472.3602962,-467.909,64.6948,15.6521,4.48635,3.507,4.36617,2015-03-26,2012-06,26/03/2015
73,765,GJ 876 b,GJ 876,Gaia DR2 2603090003484152064,0,1,4,Radial Velocity,1998,Multiple Observatories,Published Confirmed,0,<a refstr=CORREIA_ET_AL__2010 href=https://ui.adsabs.harvard.edu/abs/2010A%26A...511A..21C/abstract target=ref> Correia et al. 2010 </a>,61.065,0.211,,,2.64,0,<a refstr=CORREIA_ET_AL__2010 href=https://ui.adsabs.harvard.edu/abs/2010A%26A...511A..21C/abstract target=ref> Correia et al. 2010 </a>,M4 V,,,0.33,0.05,[Fe/H],,<a refstr=STASSUN_ET_AL__2019 href=https://ui.adsabs.harvard.edu/abs/2019AJ....158..138S/abstract target=ref>TICv8</a>,22h53m17.75s,343.3239737,-14d15m59.74s,-14.2665958,1171.100949,957.961,-673.638,4.67517,10.16,5.01,8.8753,2014-08-27,2010-02,27/08/2014
53,621,GJ 3634 b,GJ 3634,Gaia DR2 5452743423618768000,1,1,1,Radial Velocity,2010,La Silla Observatory,Published Confirmed,0,<a refstr=BONFILS_ET_AL__2011 href=https://ui.adsabs.harvard.edu/abs/2011A%26A...528A.111B/abstract target=ref> Bonfils et al. 2011 </a>,2.64561,0.0287,,,0.026,0,<a refstr=BONFILS_ET_AL__2011 href=https://ui.adsabs.harvard.edu/abs/2011A%26A...528A.111B/abstract target=ref> Bonfils et al. 2011 </a>,M2.5,,0.43,0.45,,,,<a refstr=STASSUN_ET_AL__2019 href=https://ui.adsabs.harvard.edu/abs/2019AJ....158..138S/abstract target=ref>TICv8</a>,10h58m34.40s,164.6433493,-31d08m39.62s,-31.1443383,574.1777508,-566.861,-91.3712,20.3779,11.938,7.47,10.9233,2014-08-21,2011-04,21/08/2014
68,683,GJ 504 b,GJ 504,Gaia DR2 3732539683617410816,1,1,1,Imaging,2013,Subaru Telescope,Published Confirmed,0,<a refstr=KUZUHARA_ET_AL__2013 href=https://ui.adsabs.harvard.edu/abs/2013ApJ...774...11K/abstract target=ref> Kuzuhara et al. 2013 </a>,,43.5,,,4.0,0,<a refstr=KUZUHARA_ET_AL__2013 href=https://ui.adsabs.harvard.edu/abs/2013ApJ...774...11K/abstract target=ref> Kuzuhara et al. 2013 </a>,G0 V,6234.0,,1.22,0.28,[Fe/H],4.6,<a refstr=STASSUN_ET_AL__2019 href=https://ui.adsabs.harvard.edu/abs/2019AJ....158..138S/abstract target=ref>TICv8</a>,13h16m46.16s,199.192348,+09d25m29.92s,9.4249781,386.8630302,-336.664,190.579,17.5299,5.18799,4.033,5.04156,2014-05-14,2013-09,14/05/2014
