Unnamed: 0,pl_name,hostname,gaia_id,default_flag,sy_snum,sy_pnum,discoverymethod,disc_year,disc_facility,soltype,pl_controv_flag,pl_refname,pl_orbper,pl_orbsmax,pl_rade,pl_radj,pl_massj,ttv_flag,st_refname,st_spectype,st_teff,st_rad,st_mass,st_met,st_metratio,st_logg,sy_refname,rastr,ra,decstr,dec,sy_pm,sy_pmra,sy_pmdec,sy_dist,sy_vmag,sy_kmag,sy_gaiamag,rowupdate,pl_pubdate,releasedate,epoch,ra_corrected,dec_corrected
515,GJ 1214 b,GJ 1214,Gaia DR2 4393265392167891712,1,1,1,Transit,2009,MEarth Project,Published Confirmed,0,<a refstr=MAHAJAN_ET_AL__2024 href=https://ui.adsabs.harvard.edu/abs/2024ApJ...963L..37M/abstract target=ref>Mahajan et al. 2024</a>,1.58040453,0.01505,2.733,0.244,0.02646,0,<a refstr=MAHAJAN_ET_AL__2024 href=https://ui.adsabs.harvard.edu/abs/2024ApJ...963L..37M/abstract target=ref>Mahajan et al. 2024</a>,,3101.0,0.22,0.18,0.24,[Fe/H],5.03,<a refstr=STASSUN_ET_AL__2019 href=https://ui.adsabs.harvard.edu/abs/2019AJ....158..138S/abstract target=ref>TICv8</a>,17h15m19.54s,258.8313991,+04d57m38.45s,4.9606795,948.0511007,580.447,-749.588,14.6427,15.1,8.782,13.0089,2024-03-25,2024-03,25/03/2024,60243.34230324074,258.83274499206897,4.9589479223663915
34323,Teegarden's Star b,Teegarden's Star,Gaia DR2 35227046884571776,1,1,3,Radial Velocity,2019,Calar Alto Observatory,Published Confirmed,0,<a refstr=DREIZLER_ET_AL__2024 href=https://ui.adsabs.harvard.edu/abs/2024arXiv240200923D/abstract target=ref>Dreizler et al. 2024</a>,4.90634,0.0259,,,,0,<a refstr=DREIZLER_ET_AL__2024 href=https://ui.adsabs.harvard.edu/abs/2024arXiv240200923D/abstract target=ref>Dreizler et al. 2024</a>,,3034.0,0.12,0.1,-0.11,[Fe/H],5.19,<a refstr=STASSUN_ET_AL__2019 href=https://ui.adsabs.harvard.edu/abs/2019AJ....158..138S/abstract target=ref>TICv8</a>,02h53m04.59s,43.2691449,+16d51m53.65s,16.8649024,5123.33192,3429.53,-3806.16,3.83078,15.13,7.585,12.2746,2024-03-05,2024-02,5/03/2024,60305.57050925926,43.27759248043627,16.855929727364273
3303,HD 63433 b,HD 63433,Gaia DR2 875071278432954240,1,1,3,Transit,2020,Transiting Exoplanet Survey Satellite (TESS),Published Confirmed,0,<a refstr=CAPISTRANT_ET_AL__2024 href=https://ui.adsabs.harvard.edu/abs/2024arXiv240104785C/abstract target=ref>Capistrant et al. 2024</a>,7.1079379,0.0714,2.112,0.188,,0,<a refstr=CAPISTRANT_ET_AL__2024 href=https://ui.adsabs.harvard.edu/abs/2024arXiv240104785C/abstract target=ref>Capistrant et al. 2024</a>,G5 V,5688.0,0.91,0.99,0.03,[Fe/H],4.52,<a refstr=STASSUN_ET_AL__2019 href=https://ui.adsabs.harvard.edu/abs/2019AJ....158..138S/abstract target=ref>TICv8</a>,07h49m55.05s,117.4793699,+27d21m47.28s,27.3631342,15.1178736,-10.0268,-11.3143,22.4035,6.92035,5.258,6.71831,2024-01-05,2024-02,5/01/2024,60301.78047453704,117.47934331786084,27.36310756069992
571,GJ 3090 b,GJ 3090,Gaia DR2 4933912198893332224,1,1,1,Transit,2022,Transiting Exoplanet Survey Satellite (TESS),Published Confirmed,0,<a refstr=ALMENARA_ET_AL__2022 href=https://ui.adsabs.harvard.edu/abs/2022arXiv220714121A/abstract target=ref>Almenara et al. 2022</a>,2.8531054,0.03165,2.13,0.19,0.01051,0,<a refstr=ALMENARA_ET_AL__2022 href=https://ui.adsabs.harvard.edu/abs/2022arXiv220714121A/abstract target=ref>Almenara et al. 2022</a>,M2 V,3556.0,0.52,0.52,-0.06,[Fe/H],4.73,<a refstr=STASSUN_ET_AL__2019 href=https://ui.adsabs.harvard.edu/abs/2019AJ....158..138S/abstract target=ref>TICv8</a>,01h21m45.22s,20.4384281,-46d42m53.00s,-46.7147234,136.8908631,-111.206,-79.8269,22.4751,11.403,7.294,10.5521,2023-11-28,2022-07,28/11/2023,60379.45136574074,20.43803663272402,-46.714916065563514
33796,TOI-2134 b,TOI-2134,Gaia DR2 4610267648427698816,1,1,2,Transit,2023,Transiting Exoplanet Survey Satellite (TESS),Published Confirmed,0,<a refstr=RESCIGNO_ET_AL__2023 href=https://ui.adsabs.harvard.edu/abs/2023MNRAS.tmp.3121R/abstract target=ref>Rescigno et al. 2023</a>,9.2292005,0.078,2.69,0.24,0.02873,0,<a refstr=RESCIGNO_ET_AL__2023 href=https://ui.adsabs.harvard.edu/abs/2023MNRAS.tmp.3121R/abstract target=ref>Rescigno et al. 2023</a>,K5 V,4580.0,0.71,0.74,0.12,[Fe/H],4.8,<a refstr=STASSUN_ET_AL__2019 href=https://ui.adsabs.harvard.edu/abs/2019AJ....158..138S/abstract target=ref>TICv8</a>,18h07m44.52s,271.9355015,+39d04m22.54s,39.0729269,288.224734,54.3709,-283.05,22.6202,8.933,6.091,8.5077,2023-11-28,2023-10,28/11/2023,60298.24481481482,271.9356662050274,39.07226122530609
742,GJ 724 b,GJ 724,Gaia DR2 4105386718001211392,1,1,1,Radial Velocity,2023,Calar Alto Observatory,Published Confirmed,0,<a refstr=GORRINI_ET_AL__2023 href=https://ui.adsabs.harvard.edu/abs/2023arXiv231005599G/abstract target=ref>Gorrini et al. 2023</a>,5.101284,0.04685,,,,0,<a refstr=GORRINI_ET_AL__2023 href=https://ui.adsabs.harvard.edu/abs/2023arXiv231005599G/abstract target=ref>Gorrini et al. 2023</a>,M1.0 V,3799.0,0.52,0.53,-0.02,[Fe/H],4.88,<a refstr=STASSUN_ET_AL__2019 href=https://ui.adsabs.harvard.edu/abs/2019AJ....158..138S/abstract target=ref>TICv8</a>,18h40m57.21s,280.238365,-13d22m57.00s,-13.3824997,677.8415697,-94.3221,-671.247,16.9658,10.638,6.546,9.76915,2023-10-21,2023-10,21/10/2023,60143.69306712963,280.23814837724086,-13.383999435325803
795,GJ 9404 b,GJ 9404,Gaia DR2 4010201828880793984,1,1,1,Radial Velocity,2023,Roque de los Muchachos Observatory,Published Confirmed,0,<a refstr=BAYCROFT_ET_AL__2023 href=https://ui.adsabs.harvard.edu/abs/2023RNAAS...7..175B/abstract target=ref>Baycroft et al. 2023</a>,13.4586,0.0943,,,,0,<a refstr=BAYCROFT_ET_AL__2023 href=https://ui.adsabs.harvard.edu/abs/2023RNAAS...7..175B/abstract target=ref>Baycroft et al. 2023</a>,,,,0.62,,,,<a refstr=STASSUN_ET_AL__2019 href=https://ui.adsabs.harvard.edu/abs/2019AJ....158..138S/abstract target=ref>TICv8</a>,12h19m23.33s,184.8472095,+28d22m57.77s,28.3827126,652.5197868,-647.719,79.0074,23.8839,10.62,6.796,9.87021,2023-09-05,2023-08,5/09/2023,60300.96993055556,184.8454765392309,28.3828985617116
33741,TOI-198 b,TOI-198,Gaia DR2 2333676738049780352,1,1,1,Transit,2023,Transiting Exoplanet Survey Satellite (TESS),Published Confirmed,0,<a refstr=ODDO_ET_AL__2023 href=https://ui.adsabs.harvard.edu/abs/2023AJ....165..134O/abstract target=ref>Oddo et al. 2023</a>,10.2152,0.1,1.44,0.128,,0,<a refstr=ODDO_ET_AL__2023 href=https://ui.adsabs.harvard.edu/abs/2023AJ....165..134O/abstract target=ref>Oddo et al. 2023</a>,M0 V,3650.0,0.44,0.47,-0.7,[Fe/H],4.75,<a refstr=STASSUN_ET_AL__2019 href=https://ui.adsabs.harvard.edu/abs/2019AJ....158..138S/abstract target=ref>TICv8</a>,00h09m05.16s,2.2715087,-27d07m18.28s,-27.1217452,698.0992388,692.255,90.1419,23.7262,11.688,7.856,10.9187,2023-08-22,2023-03,22/08/2023,,,
32759,LTT 1445 A b,LTT 1445 A,Gaia DR2 5153091836072107136,1,3,2,Transit,2019,Transiting Exoplanet Survey Satellite (TESS),Published Confirmed,0,<a refstr=ODDO_ET_AL__2023 href=https://ui.adsabs.harvard.edu/abs/2023AJ....165..134O/abstract target=ref>Oddo et al. 2023</a>,5.35876,0.022,1.18,0.105,,0,<a refstr=ODDO_ET_AL__2023 href=https://ui.adsabs.harvard.edu/abs/2023AJ....165..134O/abstract target=ref>Oddo et al. 2023</a>,M3.0,3340.0,0.27,0.26,-0.34,[Fe/H],,<a refstr=STASSUN_ET_AL__2019 href=https://ui.adsabs.harvard.edu/abs/2019AJ....158..138S/abstract target=ref>TICv8</a>,03h01m50.99s,45.4624781,-16d35m40.18s,-16.5944956,456.5121099,-369.196,-268.51,6.86929,10.59,6.496,10.0469,2023-08-22,2023-03,22/08/2023,59224.5297337963,45.46188667012931,-16.59490782001596
33876,TOI-244 b,TOI-244,Gaia DR2 5001098681543159040,0,1,1,Transit,2023,Transiting Exoplanet Survey Satellite (TESS),Published Confirmed,0,<a refstr=ODDO_ET_AL__2023 href=https://ui.adsabs.harvard.edu/abs/2023AJ....165..134O/abstract target=ref>Oddo et al. 2023</a>,7.39726,0.073,1.03,0.092,,0,<a refstr=ODDO_ET_AL__2023 href=https://ui.adsabs.harvard.edu/abs/2023AJ....165..134O/abstract target=ref>Oddo et al. 2023</a>,M2,3450.0,0.4,0.42,0.0,[Fe/H],4.75,<a refstr=STASSUN_ET_AL__2019 href=https://ui.adsabs.harvard.edu/abs/2019AJ....158..138S/abstract target=ref>TICv8</a>,00h42m16.74s,10.5697537,-36d43m04.71s,-36.7179743,161.7031424,-155.186,45.4446,22.0337,12.861,7.97,11.553,2023-08-22,2023-03,22/08/2023,59945.66693287037,10.569350309455606,-36.71787960863206
2463,HD 18143 b,HD 18143,Gaia DR2 116037204451525376,1,1,2,Radial Velocity,2022,Multiple Observatories,Published Confirmed,0,<a refstr=FENG_ET_AL__2022 href=https://ui.adsabs.harvard.edu/abs/2022ApJS..262...21F/abstract target=ref>Feng et al. 2022</a>,10.2851,0.088,,,,0,<a refstr=FENG_ET_AL__2022 href=https://ui.adsabs.harvard.edu/abs/2022ApJS..262...21F/abstract target=ref>Feng et al. 2022</a>,,,,0.85,,,,<a refstr=STASSUN_ET_AL__2019 href=https://ui.adsabs.harvard.edu/abs/2019AJ....158..138S/abstract target=ref>TICv8</a>,02h55m39.37s,43.9140248,+26d52m20.58s,26.8723829,327.6550874,264.469,-193.427,22.5243,7.518,5.427,7.33209,2023-06-14,2022-09,14/06/2023,59212.55552083333,43.914477267009715,26.87208770850625
2111,HD 140901 b,HD 140901,Gaia DR2 6009538585839374336,1,1,2,Radial Velocity,2022,Multiple Observatories,Published Confirmed,1,<a refstr=FENG_ET_AL__2022 href=https://ui.adsabs.harvard.edu/abs/2022ApJS..262...21F/abstract target=ref>Feng et al. 2022</a>,9.02378,0.085,,,,0,<a refstr=FENG_ET_AL__2022 href=https://ui.adsabs.harvard.edu/abs/2022ApJS..262...21F/abstract target=ref>Feng et al. 2022</a>,,,,0.99,,,,<a refstr=STASSUN_ET_AL__2019 href=https://ui.adsabs.harvard.edu/abs/2019AJ....158..138S/abstract target=ref>TICv8</a>,15h47m28.56s,236.8689866,-37d55m02.04s,-37.9172333,467.152936,-415.238,-214.031,15.2528,6.01,4.323,5.83135,2023-06-14,2022-09,14/06/2023,60348.94534722222,236.86772842794466,-37.917744902292796
1940,HD 115404 A b,HD 115404 A,Gaia DR2 3936909723803146368,1,1,2,Radial Velocity,2022,Multiple Observatories,Published Confirmed,0,<a refstr=FENG_ET_AL__2022 href=https://ui.adsabs.harvard.edu/abs/2022ApJS..262...21F/abstract target=ref>Feng et al. 2022</a>,10.49488,0.088,,,,0,<a refstr=FENG_ET_AL__2022 href=https://ui.adsabs.harvard.edu/abs/2022ApJS..262...21F/abstract target=ref>Feng et al. 2022</a>,,,,0.83,,,,<a refstr=STASSUN_ET_AL__2019 href=https://ui.adsabs.harvard.edu/abs/2019AJ....158..138S/abstract target=ref>TICv8</a>,13h16m51.74s,199.2155793,+17d00m57.74s,17.0160384,688.8917765,636.031,-264.644,10.9816,6.50066,4.381,6.28558,2023-06-14,2022-09,14/06/2023,60307.005625,199.21714801898517,17.015414243237906
2675,HD 207496 b,HD 207496,Gaia DR2 6356417496318028800,1,1,1,Transit,2023,Transiting Exoplanet Survey Satellite (TESS),Published Confirmed,0,<a refstr=BARROS_ET_AL__2023 href=https://ui.adsabs.harvard.edu/abs/2023A&A...673A...4B/abstract target=ref>Barros et al. 2023</a>,6.441008,0.0629,2.25,0.201,0.01919,0,<a refstr=BARROS_ET_AL__2023 href=https://ui.adsabs.harvard.edu/abs/2023A&A...673A...4B/abstract target=ref>Barros et al. 2023</a>,K2.5 V,4819.0,0.77,0.8,0.095,[Fe/H],4.51,<a refstr=STASSUN_ET_AL__2019 href=https://ui.adsabs.harvard.edu/abs/2019AJ....158..138S/abstract target=ref>TICv8</a>,21h54m52.36s,328.7181708,-77d20m19.69s,-77.3388025,292.2203092,224.864,-186.625,23.606,8.23,5.967,7.97255,2023-05-26,2023-05,26/05/2023,59466.4096412037,328.7199345521214,-77.33912333412678
5250,K2-415 b,K2-415,Gaia DR2 604215144503584640,1,1,1,Transit,2023,K2,Published Confirmed,0,<a refstr=HIRANO_ET_AL__2023 href=https://ui.adsabs.harvard.edu/abs/2023arXiv230200699H/abstract target=ref>Hirano et al. 2023</a>,4.0179694,0.027,1.015,0.091,0.0236,0,<a refstr=HIRANO_ET_AL__2023 href=https://ui.adsabs.harvard.edu/abs/2023arXiv230200699H/abstract target=ref>Hirano et al. 2023</a>,M5 V,3173.0,0.2,0.16,-0.13,[Fe/H],5.07,<a refstr=STASSUN_ET_AL__2019 href=https://ui.adsabs.harvard.edu/abs/2019AJ....158..138S/abstract target=ref>TICv8</a>,09h08m48.37s,137.2015437,+11d51m44.10s,11.8622503,497.3173169,-458.496,192.629,21.8182,15.33,9.899,13.7957,2023-03-28,2023-03,28/03/2023,59230.7559375,137.20082223055405,11.862546938332025
32691,L 363-38 b,L 363-38,Gaia DR2 4999067471248893952,1,1,1,Radial Velocity,2023,Paranal Observatory,Published Confirmed,0,<a refstr=SARTORI_ET_AL__2023 href=https://ui.adsabs.harvard.edu/abs/2023A&A...670A..42S/abstract target=ref>Sartori et al. 2023</a>,8.781,0.048,,,,0,<a refstr=SARTORI_ET_AL__2023 href=https://ui.adsabs.harvard.edu/abs/2023A&A...670A..42S/abstract target=ref>Sartori et al. 2023</a>,,3129.0,0.27,0.21,,,4.97,<a refstr=STASSUN_ET_AL__2019 href=https://ui.adsabs.harvard.edu/abs/2019AJ....158..138S/abstract target=ref>TICv8</a>,00h43m25.33s,10.8555443,-41d17m43.05s,-41.2952926,760.126108,-488.556,-582.327,10.2295,13.027,7.71,11.5607,2023-02-27,2023-02,27/02/2023,60317.43858796296,10.85400548789759,-41.296670601736345
495,GJ 1002 b,GJ 1002,Gaia DR2 2441630500517079808,1,1,2,Radial Velocity,2022,Multiple Observatories,Published Confirmed,0,<a refstr=SU_AACUTE_REZ_MASCARE_NTILDE_O_ET_AL__2022 href=https://ui.adsabs.harvard.edu/abs/2022arXiv221207332S/abstract target=ref>Su&aacute;rez Mascare&ntilde;o et al. 2022</a>,10.3465,0.0457,,,,0,<a refstr=SU_AACUTE_REZ_MASCARE_NTILDE_O_ET_AL__2022 href=https://ui.adsabs.harvard.edu/abs/2022arXiv221207332S/abstract target=ref>Su&aacute;rez Mascare&ntilde;o et al. 2022</a>,M5.5 V,3024.0,0.14,0.12,-0.25,[Fe/H],5.1,<a refstr=STASSUN_ET_AL__2019 href=https://ui.adsabs.harvard.edu/abs/2019AJ....158..138S/abstract target=ref>TICv8</a>,00h06m42.35s,1.6764641,-07d32m46.36s,-7.5462123,2059.507271,-811.48,-1892.9,4.84867,,7.439,11.7804,2022-12-17,2022-12,17/12/2022,,,
2938,HD 260655 b,HD 260655,Gaia DR2 3359074685047632640,1,1,2,Transit,2022,Transiting Exoplanet Survey Satellite (TESS),Published Confirmed,0,<a refstr=LUQUE_ET_AL__2022 href=https://ui.adsabs.harvard.edu/abs/2022arXiv220410261L/abstract target=ref>Luque et al. 2022</a>,2.76953,0.02933,1.24,0.111,0.00673,0,<a refstr=LUQUE_ET_AL__2022 href=https://ui.adsabs.harvard.edu/abs/2022arXiv220410261L/abstract target=ref>Luque et al. 2022</a>,M0 V,3803.0,0.44,0.44,-0.43,[Fe/H],5.2,<a refstr=STASSUN_ET_AL__2019 href=https://ui.adsabs.harvard.edu/abs/2019AJ....158..138S/abstract target=ref>TICv8</a>,06h37m09.97s,99.2915429,+17d33m58.57s,17.5662696,835.8253883,-764.522,337.802,10.0055,9.63,5.862,8.876041,2022-06-27,2022-04,27/06/2022,60305.71797453704,99.28965239349189,17.56706595076907
33433,Ross 508 b,Ross 508,Gaia DR2 1208695640675619584,1,1,1,Radial Velocity,2022,Subaru Telescope,Published Confirmed,0,<a refstr=HARAKAWA_ET_AL__2022 href=https://ui.adsabs.harvard.edu/abs/2022arXiv220511986H/abstract target=ref>Harakawa et al. 2022</a>,10.77,0.05366,,,,0,<a refstr=HARAKAWA_ET_AL__2022 href=https://ui.adsabs.harvard.edu/abs/2022arXiv220511986H/abstract target=ref>Harakawa et al. 2022</a>,M4.5 V,3071.0,0.21,0.18,-0.2,[Fe/H],5.04,<a refstr=STASSUN_ET_AL__2019 href=https://ui.adsabs.harvard.edu/abs/2019AJ....158..138S/abstract target=ref>TICv8</a>,15h23m50.71s,230.9613022,+17d27m37.92s,17.4605347,1318.406083,-392.165,-1258.73,11.2103,14.18,8.279,12.2066,2022-06-08,2022-05,8/06/2022,59218.0315162037,230.96067309992324,17.45860849718739
158,AU Mic b,AU Mic,Gaia DR2 6794047652729201024,1,1,3,Transit,2020,Transiting Exoplanet Survey Satellite (TESS),Published Confirmed,0,<a refstr=CALE_ET_AL__2021 href=https://ui.adsabs.harvard.edu/abs/2021AJ....162..295C/abstract target=ref>Cale et al. 2021</a>,8.4629991,0.0645,,,0.0633,1,<a refstr=CALE_ET_AL__2021 href=https://ui.adsabs.harvard.edu/abs/2021AJ....162..295C/abstract target=ref>Cale et al. 2021</a>,,,,0.5,,,,<a refstr=STASSUN_ET_AL__2019 href=https://ui.adsabs.harvard.edu/abs/2019AJ....158..138S/abstract target=ref>TICv8</a>,20h45m09.87s,311.2911369,-31d20m32.82s,-31.34245,456.8630854,281.424,-359.895,9.7221,8.81,4.529,7.84038,2022-05-09,2021-12,9/05/2022,60186.62640046296,311.29188386921464,-31.343265845287902
629,GJ 3929 b,GJ 3929,Gaia DR2 1372215976327300480,0,1,2,Transit,2022,Transiting Exoplanet Survey Satellite (TESS),Published Confirmed,0,<a refstr=KEMMER_ET_AL__2022 href=https://ui.adsabs.harvard.edu/abs/2022arXiv220200970K/abstract target=ref>Kemmer et al. 2022</a>,2.6162745,0.02569,1.15,0.103,0.00381,0,<a refstr=KEMMER_ET_AL__2022 href=https://ui.adsabs.harvard.edu/abs/2022arXiv220200970K/abstract target=ref>Kemmer et al. 2022</a>,M3.5 V,3369.0,0.32,0.31,0.0,[Fe/H],4.84,<a refstr=STASSUN_ET_AL__2019 href=https://ui.adsabs.harvard.edu/abs/2019AJ....158..138S/abstract target=ref>TICv8</a>,15h58m18.62s,239.5775678,+35d24m29.21s,35.4081141,348.9865767,-143.277,318.219,15.8095,12.675,7.869,11.5109,2022-02-22,2022-02,22/02/2022,59574.12899305556,239.57725118369245,35.40868724102136
623,GJ 367 b,GJ 367,Gaia DR2 5412250540681250560,0,1,3,Transit,2021,Transiting Exoplanet Survey Satellite (TESS),Published Confirmed,0,<a refstr=LAM_ET_AL__2021 href=https://ui.adsabs.harvard.edu/abs/2021Sci...374.1271L/abstract target=ref>Lam et al. 2021</a>,0.321962,0.0071,0.718,0.064,0.00172,0,<a refstr=LAM_ET_AL__2021 href=https://ui.adsabs.harvard.edu/abs/2021Sci...374.1271L/abstract target=ref>Lam et al. 2021</a>,M1.0 V,3522.0,0.46,0.45,-0.01,[Fe/H],4.78,<a refstr=STASSUN_ET_AL__2019 href=https://ui.adsabs.harvard.edu/abs/2019AJ....158..138S/abstract target=ref>TICv8</a>,09h44m29.15s,146.121464,-45d46m44.46s,-45.7790165,744.05896,-462.549,-582.814,9.41263,10.153,5.78,9.15159,2021-12-02,2021-12,2/12/2021,59533.04138888889,146.12029018000442,-45.780047983547064
215,CD Cet b,CD Cet,Gaia DR2 3179036008830848,1,1,1,Radial Velocity,2020,Calar Alto Observatory,Published Confirmed,0,<a refstr=BAUER_ET_AL__2020 href=https://ui.adsabs.harvard.edu/abs/2020A&A...640A..50B/abstract target=ref>Bauer et al. 2020</a>,2.2907,0.0185,,,,0,<a refstr=BAUER_ET_AL__2020 href=https://ui.adsabs.harvard.edu/abs/2020A&A...640A..50B/abstract target=ref>Bauer et al. 2020</a>,M5.0 V,3130.0,0.17,0.16,0.13,[Fe/H],4.93,<a refstr=STASSUN_ET_AL__2019 href=https://ui.adsabs.harvard.edu/abs/2019AJ....158..138S/abstract target=ref>TICv8</a>,03h13m24.72s,48.3530155,+04d46m30.68s,4.7751881,1743.982574,1741.86,86.0172,8.60715,13.95,7.833,12.1232,2021-11-02,2020-08,2/11/2021,60304.51565972222,48.35713459713283,4.775390792456131
32724,LHS 1678 b,LHS 1678,Gaia DR2 4864160624337973248,0,2,3,Transit,2021,Transiting Exoplanet Survey Satellite (TESS),Published Confirmed,0,<a refstr=SILVERSTEIN_ET_AL__2022 href=https://ui.adsabs.harvard.edu/abs/2022AJ....163..151S/abstract target=ref>Silverstein et al. 2022</a>,0.8602322,0.01251,0.696,0.062,0.0011,0,<a refstr=SILVERSTEIN_ET_AL__2022 href=https://ui.adsabs.harvard.edu/abs/2022AJ....163..151S/abstract target=ref>Silverstein et al. 2022</a>,M2.0 V,3490.0,0.33,0.34,,,,<a refstr=STASSUN_ET_AL__2019 href=https://ui.adsabs.harvard.edu/abs/2019AJ....158..138S/abstract target=ref>TICv8</a>,04h32m42.96s,68.1789866,-39d47m27.15s,-39.7908744,996.9452302,239.41,-967.772,19.8782,12.6,8.264,11.5403,2021-11-02,2022-04,2/11/2021,60247.723969907405,68.1797074125111,-39.793113212155205
3196,HD 45184 b,HD 45184,Gaia DR2 2898239468873596800,0,1,2,Radial Velocity,2019,La Silla Observatory,Published Confirmed,0,<a refstr=ROSENTHAL_ET_AL__2021 href=https://ui.adsabs.harvard.edu/abs/2021arXiv210511583R/abstract target=ref>Rosenthal et al. 2021</a>,5.8858,0.0641,,,,0,<a refstr=ROSENTHAL_ET_AL__2021 href=https://ui.adsabs.harvard.edu/abs/2021arXiv210511583R/abstract target=ref>Rosenthal et al. 2021</a>,,5820.13,1.08,1.01,0.042,[Fe/H],4.38,<a refstr=STASSUN_ET_AL__2019 href=https://ui.adsabs.harvard.edu/abs/2019AJ....158..138S/abstract target=ref>TICv8</a>,06h24m43.68s,96.1820205,-28d46m50.30s,-28.7806402,205.3081838,-165.257,-121.826,21.9532,6.383,4.871,6.21037,2021-09-20,2021-05,20/09/2021,60310.695127314815,96.1815752866993,-28.780927862145106
2880,HD 22496 b,HD 22496,Gaia DR2 4833654227548585856,1,1,1,Radial Velocity,2021,Paranal Observatory,Published Confirmed,0,<a refstr=LILLO_BOX_ET_AL__2021 href=https://ui.adsabs.harvard.edu/abs/2021A&A...654A..60L/abstract target=ref>Lillo-Box et al. 2021</a>,5.09071,0.051,,,,0,<a refstr=LILLO_BOX_ET_AL__2021 href=https://ui.adsabs.harvard.edu/abs/2021A&A...654A..60L/abstract target=ref>Lillo-Box et al. 2021</a>,,4385.0,0.67,0.68,-0.08,[Fe/H],4.69,<a refstr=STASSUN_ET_AL__2019 href=https://ui.adsabs.harvard.edu/abs/2019AJ....158..138S/abstract target=ref>TICv8</a>,03h35m01.57s,53.7565398,-48d25m04.14s,-48.4178173,507.9938676,404.449,307.374,13.5956,8.57,5.338,8.01945,2021-09-20,2021-10,20/09/2021,60119.32033564815,53.75789002007742,-48.417136238339
2261,HD 156668 b,HD 156668,Gaia DR2 4575374857376398976,0,1,2,Radial Velocity,2010,W. M. Keck Observatory,Published Confirmed,0,<a refstr=ROSENTHAL_ET_AL__2021 href=https://ui.adsabs.harvard.edu/abs/2021ApJS..255....8R/abstract target=ref>Rosenthal et al. 2021</a>,4.64275,0.05024,,,,0,<a refstr=ROSENTHAL_ET_AL__2021 href=https://ui.adsabs.harvard.edu/abs/2021ApJS..255....8R/abstract target=ref>Rosenthal et al. 2021</a>,,4903.69,0.77,0.79,0.049,[Fe/H],4.55,<a refstr=STASSUN_ET_AL__2019 href=https://ui.adsabs.harvard.edu/abs/2019AJ....158..138S/abstract target=ref>TICv8</a>,17h17m40.40s,259.4183491,+29d13m41.38s,29.228161,228.612106,-72.6271,216.769,24.3323,8.43,6.004,8.10753,2021-09-20,2021-07,20/09/2021,59217.10430555556,259.4182218045052,29.228492563053983
3358,HD 69830 b,HD 69830,Gaia DR2 5726982995343100928,0,1,3,Radial Velocity,2006,La Silla Observatory,Published Confirmed,0,<a refstr=ROSENTHAL_ET_AL__2021 href=https://ui.adsabs.harvard.edu/abs/2021arXiv210511583R/abstract target=ref>Rosenthal et al. 2021</a>,8.66945,0.0794,,,,0,<a refstr=ROSENTHAL_ET_AL__2021 href=https://ui.adsabs.harvard.edu/abs/2021arXiv210511583R/abstract target=ref>Rosenthal et al. 2021</a>,,5420.58,0.89,0.89,0.012,[Fe/H],4.49,<a refstr=STASSUN_ET_AL__2019 href=https://ui.adsabs.harvard.edu/abs/2019AJ....158..138S/abstract target=ref>TICv8</a>,08h18m24.24s,124.6010091,-12d38m11.13s,-12.6364246,1026.855106,278.787,-988.286,12.5591,5.96004,4.165,5.75392,2021-09-20,2021-05,20/09/2021,60312.76686342592,124.60168418590439,-12.638759756593883
129,61 Vir b,61 Vir,Gaia DR2 3507879565090229888,0,1,3,Radial Velocity,2009,Multiple Observatories,Published Confirmed,0,<a refstr=ROSENTHAL_ET_AL__2021 href=https://ui.adsabs.harvard.edu/abs/2021arXiv210511583R/abstract target=ref>Rosenthal et al. 2021</a>,4.21487,0.04956,,,,0,<a refstr=ROSENTHAL_ET_AL__2021 href=https://ui.adsabs.harvard.edu/abs/2021arXiv210511583R/abstract target=ref>Rosenthal et al. 2021</a>,,5585.57,1.03,0.91,0.028,[Fe/H],4.37,<a refstr=STASSUN_ET_AL__2019 href=https://ui.adsabs.harvard.edu/abs/2019AJ....158..138S/abstract target=ref>TICv8</a>,13h18m23.15s,199.596455,-18d18m56.79s,-18.3157745,1508.841627,-1070.81,-1063.0,8.50332,4.6955,2.956,4.54052,2021-09-20,2021-05,20/09/2021,59557.15232638889,199.59443799420453,-18.317675324944865
32764,LTT 3780 b,LTT 3780,Gaia DR2 3767281845873242112,0,2,2,Transit,2020,Transiting Exoplanet Survey Satellite (TESS),Published Confirmed,0,<a refstr=NOWAK_ET_AL__2020 href=https://ui.adsabs.harvard.edu/abs/2020A&A...642A.173N/abstract target=ref>Nowak et al. 2020</a>,0.768377,0.01203,1.35,0.12,0.00736,0,<a refstr=NOWAK_ET_AL__2020 href=https://ui.adsabs.harvard.edu/abs/2020A&A...642A.173N/abstract target=ref>Nowak et al. 2020</a>,M3.5 V,3360.0,0.38,0.38,0.09,[Fe/H],4.81,<a refstr=STASSUN_ET_AL__2019 href=https://ui.adsabs.harvard.edu/abs/2019AJ....158..138S/abstract target=ref>TICv8</a>,10h18m34.78s,154.6449033,-11d43m04.08s,-11.717801,421.9000381,-341.409,-247.87,21.9814,13.14,8.204001,11.8465,2021-08-03,2020-10,3/08/2021,59235.79116898148,154.64436502084914,-11.718183656367865
632,GJ 393 b,GJ 393,Gaia DR2 3855208897392952192,1,1,1,Radial Velocity,2021,Multiple Observatories,Published Confirmed,0,<a refstr=AMADO_ET_AL__2021 href=https://ui.adsabs.harvard.edu/abs/2021A&A...650A.188A/abstract target=ref>Amado et al. 2021</a>,7.02679,0.05402,,,,0,<a refstr=AMADO_ET_AL__2021 href=https://ui.adsabs.harvard.edu/abs/2021A&A...650A.188A/abstract target=ref>Amado et al. 2021</a>,M2.0 V,3579.0,0.43,0.43,-0.09,[Fe/H],4.88,<a refstr=STASSUN_ET_AL__2019 href=https://ui.adsabs.harvard.edu/abs/2019AJ....158..138S/abstract target=ref>TICv8</a>,10h28m54.93s,157.2288672,+00d50m16.25s,0.8378485,948.4442122,-603.003,-732.075,7.03149,9.65,5.311,8.67373,2021-07-12,2021-06,12/07/2021,59447.18991898148,157.22783924031592,0.8366006397959791
32710,LHS 1140 b,LHS 1140,Gaia DR2 2371032916186181760,0,1,2,Transit,2017,MEarth Project,Published Confirmed,0,<a refstr=LILLO_BOX_ET_AL__2020 href=https://ui.adsabs.harvard.edu/abs/2020A&A...642A.121L/abstract target=ref>Lillo-Box et al. 2020</a>,24.73694,0.0957,1.635,0.146,0.02007,0,<a refstr=LILLO_BOX_ET_AL__2020 href=https://ui.adsabs.harvard.edu/abs/2020A&A...642A.121L/abstract target=ref>Lillo-Box et al. 2020</a>,,2988.0,0.21,0.19,-0.262,[Fe/H],,<a refstr=STASSUN_ET_AL__2019 href=https://ui.adsabs.harvard.edu/abs/2019AJ....158..138S/abstract target=ref>TICv8</a>,00h44m59.67s,11.248632,-15d16m26.79s,-15.2741085,675.8787442,317.585,-596.617,14.9861,14.15,8.821,12.6706,2021-05-17,2020-10,17/05/2021,59230.41546296296,11.249138890397287,-15.275027105966794
743,GJ 740 b,GJ 740,Gaia DR2 4282578724832056576,1,1,1,Radial Velocity,2021,Multiple Observatories,Published Confirmed,0,<a refstr=TOLEDO_PADR_OACUTE_N_ET_AL__2021 href=https://ui.adsabs.harvard.edu/abs/2021A&A...648A..20T/abstract target=ref>Toledo-Padr&oacute;n et al. 2021</a>,2.37756,0.029,,,,0,<a refstr=TOLEDO_PADR_OACUTE_N_ET_AL__2021 href=https://ui.adsabs.harvard.edu/abs/2021A&A...648A..20T/abstract target=ref>Toledo-Padr&oacute;n et al. 2021</a>,M1.0 V,3913.0,0.56,0.58,0.08,[Fe/H],4.68,<a refstr=STASSUN_ET_AL__2019 href=https://ui.adsabs.harvard.edu/abs/2019AJ....158..138S/abstract target=ref>TICv8</a>,18h57m59.93s,284.4997178,+05d54m10.32s,5.902867,1236.155776,-196.301,-1220.47,11.1017,9.22,5.357,8.45636,2021-03-25,2021-04,1/04/2021,60315.20616898148,284.49925113684213,5.899980965593292
681,GJ 486 b,GJ 486,Gaia DR2 3735000631158990976,1,1,1,Radial Velocity,2021,Calar Alto Observatory,Published Confirmed,0,<a refstr=TRIFONOV_ET_AL__2021 href=https://ui.adsabs.harvard.edu/abs/2021Sci...371.1038T/abstract target=ref>Trifonov et al. 2021</a>,1.467119,0.01734,1.305,0.116,0.00887,0,<a refstr=TRIFONOV_ET_AL__2021 href=https://ui.adsabs.harvard.edu/abs/2021Sci...371.1038T/abstract target=ref>Trifonov et al. 2021</a>,M3.5 V,3340.0,0.33,0.32,0.07,[Fe/H],,<a refstr=STASSUN_ET_AL__2019 href=https://ui.adsabs.harvard.edu/abs/2019AJ....158..138S/abstract target=ref>TICv8</a>,12h47m55.57s,191.981531,+09d44m57.91s,9.7494181,1108.4629,-1008.6,-459.8,8.07426,11.39,6.362,10.094,2021-03-15,2021-03,18/03/2021,59216.96111111111,191.97996578474522,9.748714850738931
564,GJ 251 b,GJ 251,Gaia DR2 939072613334579328,1,1,1,Radial Velocity,2020,W. M. Keck Observatory,Published Confirmed,0,<a refstr=STOCK_ET_AL__2020 href=https://ui.adsabs.harvard.edu/abs/2020A&A...643A.112S/abstract target=ref>Stock et al. 2020</a>,14.238,0.0818,,,,0,<a refstr=STOCK_ET_AL__2020 href=https://ui.adsabs.harvard.edu/abs/2020A&A...643A.112S/abstract target=ref>Stock et al. 2020</a>,M3.0 V,3451.0,0.36,0.36,-0.03,[Fe/H],4.96,<a refstr=STASSUN_ET_AL__2019 href=https://ui.adsabs.harvard.edu/abs/2019AJ....158..138S/abstract target=ref>TICv8</a>,06h54m48.06s,103.7002499,+33d15m59.27s,33.2664632,828.3471043,-726.394,-398.134,5.58057,9.89,5.275,8.85518,2021-02-26,2020-11,4/03/2021,60300.72997685185,103.69820514060764,33.26552610264378
102,55 Cnc e,55 Cnc,Gaia DR2 704967037090946688,1,2,5,Radial Velocity,2004,McDonald Observatory,Published Confirmed,0,<a refstr=BOURRIER_ET_AL__2018 href=https://ui.adsabs.harvard.edu/abs/2018A&A...619A...1B/abstract target=ref>Bourrier et al. 2018</a>,0.7365474,0.01544,1.875,0.167,0.02514,0,<a refstr=BOURRIER_ET_AL__2018 href=https://ui.adsabs.harvard.edu/abs/2018A&A...619A...1B/abstract target=ref>Bourrier et al. 2018</a>,,5172.0,0.94,0.91,0.35,[Fe/H],4.43,<a refstr=STASSUN_ET_AL__2019 href=https://ui.adsabs.harvard.edu/abs/2019AJ....158..138S/abstract target=ref>TICv8</a>,08h52m35.24s,133.1468373,+28d19m47.34s,28.3298154,539.1329986,-485.872,-233.651,12.5855,5.95084,4.015,5.72973,2021-02-05,2018-10,11/02/2021,59217.73556712963,133.14599274233143,28.32945789993214
835,Gl 686 b,Gl 686,Gaia DR2 4550763526539955712,0,1,1,Radial Velocity,2018,Roque de los Muchachos Observatory,Published Confirmed,0,<a refstr=LALITHA_ET_AL__2019 href=https://ui.adsabs.harvard.edu/abs/2019A&A...627A.116L/abstract target=ref>Lalitha et al. 2019</a>,15.5314,0.0917,,,,0,<a refstr=LALITHA_ET_AL__2019 href=https://ui.adsabs.harvard.edu/abs/2019A&A...627A.116L/abstract target=ref>Lalitha et al. 2019</a>,M1.0 V,3654.0,0.43,0.43,-0.22,[Fe/H],4.88,<a refstr=STASSUN_ET_AL__2019 href=https://ui.adsabs.harvard.edu/abs/2019AJ....158..138S/abstract target=ref>TICv8</a>,17h37m54.36s,264.4764878,+18d35m45.42s,18.5959509,1352.211915,926.741,984.697,8.15728,9.62,5.572,8.73899,2020-12-10,2019-07,13/06/2019,60315.16158564815,264.47879997072425,18.598279356473267
2546,HD 190007 b,HD 190007,Gaia DR2 4247023886053586304,0,1,1,Radial Velocity,2020,Multiple Observatories,Published Confirmed,0,<a refstr=BURT_ET_AL__2021 href=https://ui.adsabs.harvard.edu/abs/2021AJ....161...10B/abstract target=ref>Burt et al. 2021</a>,11.72,0.092,,,,0,<a refstr=BURT_ET_AL__2021 href=https://ui.adsabs.harvard.edu/abs/2021AJ....161...10B/abstract target=ref>Burt et al. 2021</a>,,4610.0,0.79,0.77,0.16,[Fe/H],4.58,<a refstr=STASSUN_ET_AL__2019 href=https://ui.adsabs.harvard.edu/abs/2019AJ....158..138S/abstract target=ref>TICv8</a>,20h02m46.95s,300.6956339,+03d19m36.12s,3.3266992,149.7799129,-90.2903,119.506,12.7141,7.46,4.796,7.06341,2020-12-10,2021-01,17/12/2020,60129.76975694444,300.69543278577163,3.3269649411480913
2070,HD 136352 b,HD 136352,Gaia DR2 5902750168276592256,0,1,3,Radial Velocity,2019,La Silla Observatory,Published Confirmed,0,<a refstr=UDRY_ET_AL__2019 href=https://ui.adsabs.harvard.edu/abs/2019A&A...622A..37U/abstract target=ref>Udry et al. 2019</a>,11.5824,0.0934,,,,0,<a refstr=UDRY_ET_AL__2019 href=https://ui.adsabs.harvard.edu/abs/2019A&A...622A..37U/abstract target=ref>Udry et al. 2019</a>,G4 V,5664.0,,0.81,-0.34,[Fe/H],4.39,<a refstr=STASSUN_ET_AL__2019 href=https://ui.adsabs.harvard.edu/abs/2019AJ....158..138S/abstract target=ref>TICv8</a>,15h21m45.63s,230.4401147,-48d19m07.74s,-48.3188174,1647.339568,-1624.05,-276.024,14.682,5.65,4.159,5.48495,2020-12-10,2019-02,7/02/2019,60338.926458333335,230.43429543693745,-48.31947494401969
34123,TOI-540 b,TOI-540,Gaia DR2 4785886941312921344,1,1,1,Transit,2020,Transiting Exoplanet Survey Satellite (TESS),Published Confirmed,0,<a refstr=MENT_ET_AL__2021 href=https://ui.adsabs.harvard.edu/abs/2021AJ....161...23M/abstract target=ref>Ment et al. 2021</a>,1.2391491,0.01223,0.903,0.081,,0,<a refstr=MENT_ET_AL__2021 href=https://ui.adsabs.harvard.edu/abs/2021AJ....161...23M/abstract target=ref>Ment et al. 2021</a>,M V,3216.0,0.19,0.16,,,,<a refstr=STASSUN_ET_AL__2019 href=https://ui.adsabs.harvard.edu/abs/2019AJ....158..138S/abstract target=ref>TICv8</a>,05h05m14.33s,76.3096949,-47d56m15.14s,-47.9375391,70.6832118,-66.0851,25.0774,14.0022,14.823,8.9,12.8938,2020-10-01,2021-01,8/10/2020,60186.89837962963,76.30947126503096,-47.93748224653494
680,GJ 480 b,GJ 480,Gaia DR2 3928391218812375808,1,1,1,Radial Velocity,2020,Multiple Observatories,Published Confirmed,0,<a refstr=FENG_ET_AL__2020 href=https://ui.adsabs.harvard.edu/abs/2020ApJS..250...29F/abstract target=ref>Feng et al. 2020</a>,9.567,0.068,,,,0,<a refstr=FENG_ET_AL__2020 href=https://ui.adsabs.harvard.edu/abs/2020ApJS..250...29F/abstract target=ref>Feng et al. 2020</a>,M3.5 Ve,,,0.45,,,,<a refstr=STASSUN_ET_AL__2019 href=https://ui.adsabs.harvard.edu/abs/2019AJ....158..138S/abstract target=ref>TICv8</a>,12h38m51.22s,189.7134226,+11d41m42.25s,11.6950708,1182.651502,-1155.7,-251.042,14.2358,11.49,6.691,10.3249,2020-09-08,2020-10,3/09/2020,60335.818506944444,189.71061329557938,11.694473214287203
502,GJ 1132 b,GJ 1132,Gaia DR2 5413438219396893568,1,1,2,Transit,2015,Cerro Tololo Inter-American Observatory,Published Confirmed,0,<a refstr=BONFILS_ET_AL__2018 href=https://ui.adsabs.harvard.edu/abs/2018A&A...618A.142B/abstract target=ref>Bonfils et al. 2018</a>,1.628931,0.0153,1.13,0.101,0.00522,0,<a refstr=BONFILS_ET_AL__2018 href=https://ui.adsabs.harvard.edu/abs/2018A&A...618A.142B/abstract target=ref>Bonfils et al. 2018</a>,,3270.0,0.21,0.18,,,,<a refstr=STASSUN_ET_AL__2019 href=https://ui.adsabs.harvard.edu/abs/2019AJ....158..138S/abstract target=ref>TICv8</a>,10h14m50.18s,153.7090696,-47d09m17.77s,-47.1549358,1132.483258,-1053.98,414.3,12.613,13.68,8.322,12.138,2020-05-28,2018-10,4/06/2020,59589.84375,153.70625955236517,-47.154184622145486
32692,L 98-59 b,L 98-59,Gaia DR2 5271055243163629056,0,1,4,Transit,2019,Transiting Exoplanet Survey Satellite (TESS),Published Confirmed,0,<a refstr=CLOUTIER_ET_AL__2019 href=https://ui.adsabs.harvard.edu/abs/2019A&A...629A.111C/abstract target=ref>Cloutier et al. 2019</a>,2.2531,0.02282,0.8,0.071,0.00318,0,<a refstr=CLOUTIER_ET_AL__2019 href=https://ui.adsabs.harvard.edu/abs/2019A&A...629A.111C/abstract target=ref>Cloutier et al. 2019</a>,M3 V,3412.0,0.31,0.31,-0.5,[Fe/H],4.94,<a refstr=STASSUN_ET_AL__2019 href=https://ui.adsabs.harvard.edu/abs/2019AJ....158..138S/abstract target=ref>TICv8</a>,08h18m07.89s,124.5328604,-68d18m52.08s,-68.3144658,353.4129312,94.7675,-340.47,10.6194,11.685,7.101,10.5976,2020-04-10,2019-09,16/04/2020,60321.7128125,124.53346815465684,-68.31527258995919
497,GJ 1061 b,GJ 1061,Gaia DR2 4848140361962951552,1,1,3,Radial Velocity,2020,La Silla Observatory,Published Confirmed,0,<a refstr=DREIZLER_ET_AL__2020 href=https://ui.adsabs.harvard.edu/abs/2020MNRAS.493..536D/abstract target=ref>Dreizler et al. 2020</a>,3.204,0.021,,,,0,<a refstr=DREIZLER_ET_AL__2020 href=https://ui.adsabs.harvard.edu/abs/2020MNRAS.493..536D/abstract target=ref>Dreizler et al. 2020</a>,M5.5 V,2953.0,0.16,0.12,-0.08,[Fe/H],,<a refstr=STASSUN_ET_AL__2019 href=https://ui.adsabs.harvard.edu/abs/2019AJ....158..138S/abstract target=ref>TICv8</a>,03h36m00.78s,54.0032486,-44d30m51.52s,-44.5143104,833.7162183,745.286,-373.673,3.67278,12.7,6.61,10.9889,2020-02-21,2020-03,27/02/2020,60365.65674768519,54.00576024752806,-44.51520833082065
533,GJ 1252 b,GJ 1252,Gaia DR2 6468968316900356736,0,1,1,Transit,2020,Transiting Exoplanet Survey Satellite (TESS),Published Confirmed,0,<a refstr=SHPORER_ET_AL__2020 href=https://ui.adsabs.harvard.edu/abs/2020ApJ...890L...7S/abstract target=ref>Shporer et al. 2020</a>,0.5182349,0.00916,1.193,0.106,0.00658,0,<a refstr=SHPORER_ET_AL__2020 href=https://ui.adsabs.harvard.edu/abs/2020ApJ...890L...7S/abstract target=ref>Shporer et al. 2020</a>,M3,3458.0,0.39,0.38,0.1,[Fe/H],,<a refstr=STASSUN_ET_AL__2019 href=https://ui.adsabs.harvard.edu/abs/2019AJ....158..138S/abstract target=ref>TICv8</a>,20h27m42.88s,306.9286462,-56d27m44.23s,-56.4622865,1301.74991,424.414,-1230.62,20.373,12.68,7.915,11.2364,2020-02-06,2020-02,13/02/2020,60130.749189814815,306.9303550915757,-56.46502389008844
553,GJ 180 b,GJ 180,Gaia DR2 2979590513145784192,1,1,3,Radial Velocity,2014,Multiple Observatories,Published Confirmed,0,<a refstr=FENG_ET_AL__2020 href=https://ui.adsabs.harvard.edu/abs/2020ApJS..246...11F/abstract target=ref>Feng et al. 2020</a>,17.133,0.092,,,,0,<a refstr=FENG_ET_AL__2020 href=https://ui.adsabs.harvard.edu/abs/2020ApJS..246...11F/abstract target=ref>Feng et al. 2020</a>,,,,0.43,,,,<a refstr=STASSUN_ET_AL__2019 href=https://ui.adsabs.harvard.edu/abs/2019AJ....158..138S/abstract target=ref>TICv8</a>,04h53m50.42s,73.460097,-17d46m34.30s,-17.776194,763.0623234,408.571,-644.464,11.9407,10.914,6.598,9.93395,2020-02-06,2020-01,13/02/2020,59238.56582175926,73.46076027688822,-17.777190269758915
569,GJ 3082 b,GJ 3082,Gaia DR2 4915139584039259392,1,1,1,Radial Velocity,2020,Multiple Facilities,Published Confirmed,0,<a refstr=FENG_ET_AL__2020 href=https://ui.adsabs.harvard.edu/abs/2020ApJS..246...11F/abstract target=ref>Feng et al. 2020</a>,11.949,0.079,,,,0,<a refstr=FENG_ET_AL__2020 href=https://ui.adsabs.harvard.edu/abs/2020ApJS..246...11F/abstract target=ref>Feng et al. 2020</a>,,,,0.47,,,,<a refstr=STASSUN_ET_AL__2019 href=https://ui.adsabs.harvard.edu/abs/2019AJ....158..138S/abstract target=ref>TICv8</a>,01h14m34.38s,18.6432425,-53d56m26.79s,-53.9407751,327.7180187,103.371,310.988,16.6186,11.041,6.966,10.2011,2020-02-06,2020-01,13/02/2020,60082.34388888889,18.643626669441822,-53.94009478335109
648,GJ 433 b,GJ 433,Gaia DR2 3478160727866058368,0,1,3,Radial Velocity,2011,La Silla Observatory,Published Confirmed,0,<a refstr=TUOMI_ET_AL__2014 href=https://ui.adsabs.harvard.edu/abs/2014MNRAS.441.1545T/abstract target=ref>Tuomi et al. 2014</a>,7.3697,0.06,,,,0,<a refstr=TUOMI_ET_AL__2014 href=https://ui.adsabs.harvard.edu/abs/2014MNRAS.441.1545T/abstract target=ref>Tuomi et al. 2014</a>,M1.5 V,3472.0,,0.48,,,,<a refstr=STASSUN_ET_AL__2019 href=https://ui.adsabs.harvard.edu/abs/2019AJ....158..138S/abstract target=ref>TICv8</a>,11h35m26.86s,173.8619194,-32d32m37.07s,-32.5436302,853.6175037,-70.7678,-850.679,9.06456,9.81,5.623,8.89138,2020-02-06,2014-06,10/10/2019,60131.39643518518,173.86173261706335,-32.54552287636147
733,GJ 682 b,GJ 682,Gaia DR2 5955305209191546112,1,1,2,Radial Velocity,2014,Multiple Observatories,Published Confirmed,0,<a refstr=TUOMI_ET_AL__2014 href=https://ui.adsabs.harvard.edu/abs/2014MNRAS.441.1545T/abstract target=ref>Tuomi et al. 2014</a>,17.478,0.08,,,,0,<a refstr=TUOMI_ET_AL__2014 href=https://ui.adsabs.harvard.edu/abs/2014MNRAS.441.1545T/abstract target=ref>Tuomi et al. 2014</a>,M3.5 V,3028.0,,0.27,,,,<a refstr=STASSUN_ET_AL__2019 href=https://ui.adsabs.harvard.edu/abs/2019AJ....158..138S/abstract target=ref>TICv8</a>,17h37m02.65s,264.2610245,-44d19m23.71s,-44.3232519,1174.001762,-706.117,-937.912,5.00671,10.94,5.606,9.57025,2019-10-04,2014-06,10/10/2019,59208.19733796296,264.2595214475536,-44.32468013784416
615,GJ 357 b,GJ 357,Gaia DR2 5664814198431308288,0,1,3,Transit,2019,Transiting Exoplanet Survey Satellite (TESS),Published Confirmed,0,<a refstr=LUQUE_ET_AL__2019 href=https://ui.adsabs.harvard.edu/abs/2019A&A...628A..39L/abstract target=ref>Luque et al. 2019</a>,3.93072,0.035,1.217,0.109,0.00579,0,<a refstr=LUQUE_ET_AL__2019 href=https://ui.adsabs.harvard.edu/abs/2019A&A...628A..39L/abstract target=ref>Luque et al. 2019</a>,M2.5 V,3505.0,0.34,0.34,-0.12,[Fe/H],4.94,<a refstr=STASSUN_ET_AL__2019 href=https://ui.adsabs.harvard.edu/abs/2019AJ....158..138S/abstract target=ref>TICv8</a>,09h36m01.79s,144.0074644,-21d39m54.23s,-21.6650634,999.9759509,138.694,-990.311,9.44181,10.91,6.475,9.88036,2019-08-09,2019-08,15/08/2019,59567.92527777778,144.0077324875314,-21.666842367892535
33922,TOI-270 b,TOI-270,Gaia DR2 4781196115469953024,0,1,3,Transit,2019,Transiting Exoplanet Survey Satellite (TESS),Published Confirmed,0,<a refstr=G_UUML_NTHER_ET_AL__2019 href=https://ui.adsabs.harvard.edu/abs/2019NatAs...3.1099G/abstract target=ref>G&uuml;nther et al. 2019</a>,3.36008,0.0306,1.247,0.111,,0,<a refstr=G_UUML_NTHER_ET_AL__2019 href=https://ui.adsabs.harvard.edu/abs/2019NatAs...3.1099G/abstract target=ref>G&uuml;nther et al. 2019</a>,M3.0 V,3386.0,0.38,0.4,-0.17,[Fe/H],,<a refstr=STASSUN_ET_AL__2019 href=https://ui.adsabs.harvard.edu/abs/2019AJ....158..138S/abstract target=ref>TICv8</a>,04h33m39.86s,68.4160804,-51d57m26.62s,-51.9573937,282.2188579,82.9441,-269.755,22.4793,12.603,8.251,11.6306,2019-07-29,2019-07,1/08/2019,60304.628796296296,68.41639759847926,-51.958029416773876
32757,LSPM J2116+0234 b,LSPM J2116+0234,Gaia DR2 2692455319291894400,1,1,1,Radial Velocity,2019,Calar Alto Observatory,Published Confirmed,0,<a refstr=LALITHA_ET_AL__2019 href=https://ui.adsabs.harvard.edu/abs/2019A&A...627A.116L/abstract target=ref>Lalitha et al. 2019</a>,14.4399,0.0876,,,,0,<a refstr=LALITHA_ET_AL__2019 href=https://ui.adsabs.harvard.edu/abs/2019A&A...627A.116L/abstract target=ref>Lalitha et al. 2019</a>,M3.0 V,3475.0,0.43,0.43,-0.05,[Fe/H],4.95,<a refstr=STASSUN_ET_AL__2019 href=https://ui.adsabs.harvard.edu/abs/2019AJ....158..138S/abstract target=ref>TICv8</a>,21h16m27.54s,319.1147513,+02d34m50.78s,2.5807711,250.6828196,247.523,-39.6767,17.6297,11.961,7.324,10.8595,2019-06-07,2019-07,13/06/2019,59568.41142361111,319.11519648670117,2.5806998110936323
3717,HIP 54373 b,HIP 54373,Gaia DR2 3552000252294347392,1,1,2,Radial Velocity,2019,Las Campanas Observatory,Published Confirmed,0,<a refstr=FENG_ET_AL__2019 href=https://ui.adsabs.harvard.edu/abs/2019ApJS..242...25F/abstract target=ref>Feng et al. 2019</a>,7.76,0.063,,,,0,<a refstr=FENG_ET_AL__2019 href=https://ui.adsabs.harvard.edu/abs/2019ApJS..242...25F/abstract target=ref>Feng et al. 2019</a>,K5 V,4021.0,,0.57,,,,<a refstr=STASSUN_ET_AL__2019 href=https://ui.adsabs.harvard.edu/abs/2019AJ....158..138S/abstract target=ref>TICv8</a>,11h07m27.44s,166.8643532,-19d17m30.07s,-19.2916857,239.4759005,-235.019,-45.9867,18.7168,10.38,6.62,9.64076,2019-05-20,2019-06,23/05/2019,60314.87446759259,166.8637644528455,-19.291794431783693
3143,HD 39855 b,HD 39855,Gaia DR2 2966316109264052096,1,1,1,Radial Velocity,2019,Las Campanas Observatory,Published Confirmed,0,<a refstr=FENG_ET_AL__2019 href=https://ui.adsabs.harvard.edu/abs/2019ApJS..242...25F/abstract target=ref>Feng et al. 2019</a>,3.2498,0.041,,,,0,<a refstr=FENG_ET_AL__2019 href=https://ui.adsabs.harvard.edu/abs/2019ApJS..242...25F/abstract target=ref>Feng et al. 2019</a>,G8 V,5576.0,,0.87,,,,<a refstr=STASSUN_ET_AL__2019 href=https://ui.adsabs.harvard.edu/abs/2019AJ....158..138S/abstract target=ref>TICv8</a>,05h54m30.26s,88.6260731,-19d42m16.01s,-19.7044472,96.0233904,92.8543,-24.4657,23.2599,7.51,5.756,7.32113,2019-05-20,2019-06,23/05/2019,60312.67332175926,88.62630613865214,-19.704505006538508
2796,HD 21749 c,GJ 143,Gaia DR2 4673947174316727040,1,1,2,Transit,2019,Transiting Exoplanet Survey Satellite (TESS),Published Confirmed,0,<a refstr=DRAGOMIR_ET_AL__2019 href=https://ui.adsabs.harvard.edu/abs/2019ApJ...875L...7D/abstract target=ref>Dragomir et al. 2019</a>,7.78993,0.0695,0.892,0.08,0.01164,0,<a refstr=DRAGOMIR_ET_AL__2019 href=https://ui.adsabs.harvard.edu/abs/2019ApJ...875L...7D/abstract target=ref>Dragomir et al. 2019</a>,K4.5,4640.0,0.69,0.73,0.003,[Fe/H],4.61,<a refstr=STASSUN_ET_AL__2019 href=https://ui.adsabs.harvard.edu/abs/2019AJ....158..138S/abstract target=ref>TICv8</a>,03h27m00.05s,51.7501882,-63d30m00.60s,-63.500166,432.8060751,355.084,-247.46,16.32,8.08,5.375,7.67906,2019-04-22,2019-04,25/04/2019,60408.55296296296,51.75212656700143,-63.500768720869466
2525,HD 189733 b,HD 189733,Gaia DR2 1827242816201846144,0,2,1,Radial Velocity,2005,Haute-Provence Observatory,Published Confirmed,0,<a refstr=BONOMO_ET_AL__2017 href=https://ui.adsabs.harvard.edu/abs/2017A&A...602A.107B/abstract target=ref>Bonomo et al. 2017</a>,2.2185752,0.031,12.756,1.138,1.123,0,<a refstr=BONOMO_ET_AL__2017 href=https://ui.adsabs.harvard.edu/abs/2017A&A...602A.107B/abstract target=ref>Bonomo et al. 2017</a>,,5040.0,0.76,0.81,-0.03,[Fe/H],,<a refstr=STASSUN_ET_AL__2019 href=https://ui.adsabs.harvard.edu/abs/2019AJ....158..138S/abstract target=ref>TICv8</a>,20h00m43.71s,300.1821223,+22d42m35.19s,22.7097759,250.2466863,-3.29445,-250.225,19.7638,7.67,5.541,7.41432,2019-03-18,2017-06,21/03/2019,59881.38759259259,300.1821150332134,22.709266750757436
2052,HD 134060 b,HD 134060,Gaia DR2 5876112300125320448,1,1,2,Radial Velocity,2019,La Silla Observatory,Published Confirmed,0,<a refstr=UDRY_ET_AL__2019 href=https://ui.adsabs.harvard.edu/abs/2019A&A...622A..37U/abstract target=ref>Udry et al. 2019</a>,3.2696,0.0444,,,,0,<a refstr=UDRY_ET_AL__2019 href=https://ui.adsabs.harvard.edu/abs/2019A&A...622A..37U/abstract target=ref>Udry et al. 2019</a>,G3 IV,5966.0,,1.09,0.14,[Fe/H],4.43,<a refstr=STASSUN_ET_AL__2019 href=https://ui.adsabs.harvard.edu/abs/2019AJ....158..138S/abstract target=ref>TICv8</a>,15h10m44.34s,227.6847587,-61d25m20.55s,-61.4223747,185.9811074,-185.588,-12.0858,24.0125,6.29,4.836,6.13951,2019-02-05,2019-02,7/02/2019,60203.32201388889,227.68387426820334,-61.42240224793853
32736,LHS 3844 b,LHS 3844,Gaia DR2 6385548541499112448,1,1,1,Transit,2019,Transiting Exoplanet Survey Satellite (TESS),Published Confirmed,0,<a refstr=VANDERSPEK_ET_AL__2019 href=https://ui.adsabs.harvard.edu/abs/2019ApJ...871L..24V/abstract target=ref>Vanderspek et al. 2019</a>,0.46292913,0.00622,1.303,0.116,,0,<a refstr=VANDERSPEK_ET_AL__2019 href=https://ui.adsabs.harvard.edu/abs/2019ApJ...871L..24V/abstract target=ref>Vanderspek et al. 2019</a>,M5,3036.0,0.19,0.15,,,5.06,<a refstr=STASSUN_ET_AL__2019 href=https://ui.adsabs.harvard.edu/abs/2019AJ....158..138S/abstract target=ref>TICv8</a>,22h41m59.09s,340.4962038,-69d10m19.59s,-69.1721081,800.1786051,334.357,-726.974,14.8846,15.24,9.145001,13.3925,2019-01-22,2019-02,24/01/2019,60224.87909722222,340.4983630326161,-69.17377721574138
537,GJ 1265 b,GJ 1265,Gaia DR2 6825822095663585536,1,1,1,Radial Velocity,2018,Calar Alto Observatory,Published Confirmed,0,<a refstr=LUQUE_ET_AL__2018 href=https://ui.adsabs.harvard.edu/abs/2018A&A...620A.171L/abstract target=ref>Luque et al. 2018</a>,3.6511,0.026,,,,0,<a refstr=LUQUE_ET_AL__2018 href=https://ui.adsabs.harvard.edu/abs/2018A&A...620A.171L/abstract target=ref>Luque et al. 2018</a>,M4.5 V,3236.0,0.19,0.18,-0.04,[Fe/H],5.09,<a refstr=STASSUN_ET_AL__2019 href=https://ui.adsabs.harvard.edu/abs/2019AJ....158..138S/abstract target=ref>TICv8</a>,22h13m43.79s,333.4324675,-17d41m13.42s,-17.6870623,909.990783,856.89,-306.305,10.2525,14.01,8.115,12.0807,2018-12-03,2018-12,6/12/2018,59598.32261574074,333.43410396374594,-17.687619612356187
627,GJ 3779 b,GJ 3779,Gaia DR2 1446540213584440704,1,1,1,Radial Velocity,2018,Calar Alto Observatory,Published Confirmed,0,<a refstr=LUQUE_ET_AL__2018 href=https://ui.adsabs.harvard.edu/abs/2018A&A...620A.171L/abstract target=ref>Luque et al. 2018</a>,3.0232,0.026,,,,0,<a refstr=LUQUE_ET_AL__2018 href=https://ui.adsabs.harvard.edu/abs/2018A&A...620A.171L/abstract target=ref>Luque et al. 2018</a>,M4.0 V,3324.0,0.28,0.27,0.0,[Fe/H],5.05,<a refstr=STASSUN_ET_AL__2019 href=https://ui.adsabs.harvard.edu/abs/2019AJ....158..138S/abstract target=ref>TICv8</a>,13h22m56.05s,200.7335358,+24d27m50.19s,24.4639425,1061.999101,-615.951,-865.128,13.743,13.04,7.957,11.6266,2018-12-03,2018-12,6/12/2018,60306.991631944446,200.73193985744388,24.461902136065778
35854,pi Men c,HD 39091,Gaia DR2 4623036865373793408,0,1,3,Transit,2018,Transiting Exoplanet Survey Satellite (TESS),Published Confirmed,0,<a refstr=HUANG_ET_AL__2018 href=https://ui.adsabs.harvard.edu/abs/2018ApJ...868L..39H/abstract target=ref>Huang et al. 2018</a>,6.2679,0.06839,2.042,0.182,0.01517,0,<a refstr=HUANG_ET_AL__2018 href=https://ui.adsabs.harvard.edu/abs/2018ApJ...868L..39H/abstract target=ref>Huang et al. 2018</a>,G0 V,6037.0,1.1,1.09,0.08,[Fe/H],4.42,<a refstr=STASSUN_ET_AL__2019 href=https://ui.adsabs.harvard.edu/abs/2019AJ....158..138S/abstract target=ref>TICv8</a>,05h37m11.83s,84.2992798,-80d27m52.57s,-80.4646041,1094.030482,311.187,1048.84,18.2702,5.65,4.241,5.5128,2018-11-12,2018-12,15/11/2018,60322.61052083333,84.30373130785351,-80.46211798327812
3624,HD 97658 b,HD 97658,Gaia DR2 3997075206232885888,0,1,1,Radial Velocity,2010,W. M. Keck Observatory,Published Confirmed,0,<a refstr=HOWARD_ET_AL__2011 href=https://ui.adsabs.harvard.edu/abs/2011ApJ...730...10H/abstract target=ref> Howard et al. 2011 </a>,9.494,0.0831,,,,0,<a refstr=HOWARD_ET_AL__2011 href=https://ui.adsabs.harvard.edu/abs/2011ApJ...730...10H/abstract target=ref> Howard et al. 2011 </a>,,5170.0,0.68,0.78,-0.23,[Fe/H],4.63,<a refstr=STASSUN_ET_AL__2019 href=https://ui.adsabs.harvard.edu/abs/2019AJ....158..138S/abstract target=ref>TICv8</a>,11h14m33.04s,168.6376584,+25d42m38.15s,25.7105962,118.0319107,-107.534,48.6618,21.5618,7.76,5.734,7.5136,2018-04-25,2011-03,16/05/2014,60389.62887731481,168.6373694186269,25.710714024061783
2783,HD 217107 b,HD 217107,Gaia DR2 2648914040357320576,0,1,2,Radial Velocity,1998,Lick Observatory,Published Confirmed,0,<a refstr=FENG_ET_AL__2015 href=https://ui.adsabs.harvard.edu/abs/2015ApJ...800...22F/abstract target=ref>Feng et al. 2015</a>,7.126846,0.07505,,,,0,<a refstr=STASSUN_ET_AL__2019 href=https://ui.adsabs.harvard.edu/abs/2019AJ....158..138S/abstract target=ref>TICv8</a>,,5575.0,1.2,0.98,0.28,[M/H],4.27,<a refstr=STASSUN_ET_AL__2019 href=https://ui.adsabs.harvard.edu/abs/2019AJ....158..138S/abstract target=ref>TICv8</a>,22h58m15.53s,344.5647243,-02d23m43.62s,-2.3954489,16.3978436,-7.10779,-14.7773,20.0619,6.155,4.536,5.96401,2018-04-25,2015-02,28/01/2015,59567.57959490741,344.56471152245956,-2.395475441660252
2759,HD 215152 b,HD 215152,Gaia DR2 2623505219992303104,1,1,4,Radial Velocity,2018,La Silla Observatory,Published Confirmed,0,<a refstr=DELISLE_ET_AL__2018 href=https://ui.adsabs.harvard.edu/abs/2018A&A...614A.133D/abstract target=ref>Delisle et al. 2018</a>,5.75999,0.057638,,,,0,<a refstr=DELISLE_ET_AL__2018 href=https://ui.adsabs.harvard.edu/abs/2018A&A...614A.133D/abstract target=ref>Delisle et al. 2018</a>,K3 V,4935.0,0.73,0.77,-0.1,[Fe/H],4.4,<a refstr=STASSUN_ET_AL__2019 href=https://ui.adsabs.harvard.edu/abs/2019AJ....158..138S/abstract target=ref>TICv8</a>,22h43m21.14s,340.8380941,-06d24m07.45s,-6.4020685,328.1892902,-154.145,-289.737,21.5974,8.11,5.775,7.80163,2018-02-20,2018-06,22/02/2018,60304.35829861112,340.83772858655595,-6.402751247978979
33431,Ross 128 b,Ross 128,Gaia DR2 3796072592206250624,1,1,1,Radial Velocity,2017,La Silla Observatory,Published Confirmed,0,<a refstr=BONFILS_ET_AL__2018 href=https://ui.adsabs.harvard.edu/abs/2018A&A...613A..25B/abstract target=ref>Bonfils et al. 2018</a>,9.8658,0.0496,,,,0,<a refstr=BONFILS_ET_AL__2018 href=https://ui.adsabs.harvard.edu/abs/2018A&A...613A..25B/abstract target=ref>Bonfils et al. 2018</a>,M4,3192.0,0.2,0.17,-0.02,[M/H],,<a refstr=STASSUN_ET_AL__2019 href=https://ui.adsabs.harvard.edu/abs/2019AJ....158..138S/abstract target=ref>TICv8</a>,11h47m45.02s,176.9376036,+00d47m57.44s,0.7992898,1365.937178,607.678,-1223.32,3.37454,11.12,5.654,9.59067,2017-11-16,2018-05,17/11/2017,59447.22517361112,176.93863953545295,0.7972045542444056
685,GJ 536 b,GJ 536,Gaia DR2 3657653114880309248,0,1,1,Radial Velocity,2016,La Silla Observatory,Published Confirmed,0,<a refstr=TRIFONOV_ET_AL__2018 href=https://ui.adsabs.harvard.edu/abs/2018A&A...609A.117T/abstract target=ref>Trifonov et al. 2018</a>,8.708,0.067,,,,0,<a refstr=STASSUN_ET_AL__2019 href=https://ui.adsabs.harvard.edu/abs/2019AJ....158..138S/abstract target=ref>TICv8</a>,,3674.0,0.51,0.51,,,4.73,<a refstr=STASSUN_ET_AL__2019 href=https://ui.adsabs.harvard.edu/abs/2019AJ....158..138S/abstract target=ref>TICv8</a>,14h01m02.33s,210.2597264,-02d39m08.24s,-2.6522901,1019.344272,-825.424,598.112,10.4092,9.71,5.683,8.85881,2017-10-16,2018-02,19/10/2017,60087.71770833333,210.25791539443034,-2.650979226988075
2982,HD 285968 b,HD 285968,Gaia DR2 3409711211681795584,0,1,1,Radial Velocity,2008,La Silla Observatory,Published Confirmed,0,<a refstr=TRIFONOV_ET_AL__2018 href=https://ui.adsabs.harvard.edu/abs/2018A&A...609A.117T/abstract target=ref>Trifonov et al. 2018</a>,8.776,0.066,,,,0,<a refstr=STASSUN_ET_AL__2019 href=https://ui.adsabs.harvard.edu/abs/2019AJ....158..138S/abstract target=ref>TICv8</a>,,3543.0,0.49,0.48,,,4.75,<a refstr=STASSUN_ET_AL__2019 href=https://ui.adsabs.harvard.edu/abs/2019AJ....158..138S/abstract target=ref>TICv8</a>,04h42m56.49s,70.7353853,+18d57m12.09s,18.953358,1295.146451,656.378,-1116.5,9.47045,9.95,5.607,8.99955,2017-10-16,2018-02,19/10/2017,59579.65893518519,70.73663816921729,18.951342381938538
35773,YZ Cet b,YZ Cet,Gaia DR2 2358524597030794112,0,1,3,Radial Velocity,2017,La Silla Observatory,Published Confirmed,0,<a refstr=ASTUDILLO_DEFRU_ET_AL__2017 href=https://ui.adsabs.harvard.edu/abs/2017A&A...605L..11A/abstract target=ref>Astudillo-Defru et al. 2017</a>,1.96876,0.01557,,,,0,<a refstr=ASTUDILLO_DEFRU_ET_AL__2017 href=https://ui.adsabs.harvard.edu/abs/2017A&A...605L..11A/abstract target=ref>Astudillo-Defru et al. 2017</a>,M4.5,3056.0,0.17,0.13,-0.26,[Fe/H],,<a refstr=STASSUN_ET_AL__2019 href=https://ui.adsabs.harvard.edu/abs/2019AJ....158..138S/abstract target=ref>TICv8</a>,01h12m31.94s,18.1330792,-16d59m46.48s,-16.9962434,1363.52268,1205.18,637.758,3.71207,,,10.4294,2017-08-22,2017-09,24/08/2017,59224.44548611111,18.135013821425815,-16.995264335438822
592,GJ 3293 e,GJ 3293,Gaia DR2 4893118771316702720,1,1,4,Radial Velocity,2017,La Silla Observatory,Published Confirmed,0,<a refstr=ASTUDILLO_DEFRU_ET_AL__2017 href=https://ui.adsabs.harvard.edu/abs/2017A&A...602A..88A/abstract target=ref>Astudillo-Defru et al. 2017</a>,13.2543,0.08208,,,,0,<a refstr=ASTUDILLO_DEFRU_ET_AL__2017 href=https://ui.adsabs.harvard.edu/abs/2017A&A...602A..88A/abstract target=ref>Astudillo-Defru et al. 2017</a>,M2.5,3466.0,0.4,0.42,0.02,[Fe/H],,<a refstr=STASSUN_ET_AL__2019 href=https://ui.adsabs.harvard.edu/abs/2019AJ....158..138S/abstract target=ref>TICv8</a>,04h28m35.63s,67.1484425,-25d10m16.82s,-25.1713396,492.2542799,-81.4263,-485.473,20.1903,11.945,7.486,10.9788,2017-03-29,2017-06,30/03/2017,59640.63381944445,67.14827590439822,-25.17223853523037
593,GJ 3323 b,GJ 3323,Gaia DR2 3187115498866675456,1,1,2,Radial Velocity,2017,La Silla Observatory,Published Confirmed,0,<a refstr=ASTUDILLO_DEFRU_ET_AL__2017 href=https://ui.adsabs.harvard.edu/abs/2017A&A...602A..88A/abstract target=ref>Astudillo-Defru et al. 2017</a>,5.3636,0.03282,,,,0,<a refstr=ASTUDILLO_DEFRU_ET_AL__2017 href=https://ui.adsabs.harvard.edu/abs/2017A&A...602A..88A/abstract target=ref>Astudillo-Defru et al. 2017</a>,M4,3159.0,0.12,0.16,-0.27,[Fe/H],,<a refstr=STASSUN_ET_AL__2019 href=https://ui.adsabs.harvard.edu/abs/2019AJ....158..138S/abstract target=ref>TICv8</a>,05h01m56.85s,75.4868824,-06d56m54.65s,-6.9485133,767.7791462,-551.722,-533.936,5.37484,12.57,6.736,10.6467,2017-03-29,2017-06,30/03/2017,60252.84221064815,75.48559445248907,-6.94975056794864
35680,Wolf 1061 b,Wolf 1061,Gaia DR2 4330690742322011520,1,1,3,Radial Velocity,2015,La Silla Observatory,Published Confirmed,0,<a refstr=ASTUDILLO_DEFRU_ET_AL__2017 href=https://ui.adsabs.harvard.edu/abs/2017A&A...602A..88A/abstract target=ref>Astudillo-Defru et al. 2017</a>,4.8869,0.0375,,,,0,<a refstr=ASTUDILLO_DEFRU_ET_AL__2017 href=https://ui.adsabs.harvard.edu/abs/2017A&A...602A..88A/abstract target=ref>Astudillo-Defru et al. 2017</a>,M3.5,3342.0,0.31,0.29,-0.09,[Fe/H],,<a refstr=STASSUN_ET_AL__2019 href=https://ui.adsabs.harvard.edu/abs/2019AJ....158..138S/abstract target=ref>TICv8</a>,16h30m17.96s,247.5748276,-12d40m03.67s,-12.6676866,1187.508409,-94.0273,-1183.78,4.30592,10.1,5.075,8.79444,2017-03-29,2017-06,30/03/2017,59275.945555555554,247.574675876814,-12.669550246674872
546,GJ 163 b,GJ 163,Gaia DR2 4780294722094459904,1,1,3,Radial Velocity,2013,La Silla Observatory,Published Confirmed,0,<a refstr=BONFILS_ET_AL__2013 href=https://ui.adsabs.harvard.edu/abs/2013A%26A...556A.110B/abstract target=ref> Bonfils et al. 2013 </a>,8.63182,0.0607,,,,0,<a refstr=BONFILS_ET_AL__2013 href=https://ui.adsabs.harvard.edu/abs/2013A%26A...556A.110B/abstract target=ref> Bonfils et al. 2013 </a>,,,,,,,,<a refstr=STASSUN_ET_AL__2019 href=https://ui.adsabs.harvard.edu/abs/2019AJ....158..138S/abstract target=ref>TICv8</a>,04h09m17.48s,62.3228353,-53d22m16.24s,-53.3711768,1198.172257,1046.14,584.13,15.1285,11.79,7.135,10.6771,2017-01-24,2013-08,26/01/2017,60317.58524305555,62.326984631514854,-53.369794384329495
687,GJ 581 b,GJ 581,Gaia DR2 6322070093095493504,0,1,3,Radial Velocity,2005,La Silla Observatory,Published Confirmed,0,<a refstr=VOGT_ET_AL__2010 href=https://ui.adsabs.harvard.edu/abs/2010ApJ...723..954V/abstract target=ref>Vogt et al. 2010</a>,5.36841,0.040616,,,,0,<a refstr=VOGT_ET_AL__2010 href=https://ui.adsabs.harvard.edu/abs/2010ApJ...723..954V/abstract target=ref>Vogt et al. 2010</a>,M3 V,,0.29,0.31,,,,<a refstr=STASSUN_ET_AL__2019 href=https://ui.adsabs.harvard.edu/abs/2019AJ....158..138S/abstract target=ref>TICv8</a>,15h19m25.55s,229.8564725,-07d43m21.70s,-7.7226935,1225.325712,-1221.47,-97.1295,6.2981,10.57,5.837,9.411,2016-11-30,2010-11,1/12/2016,59740.62862268519,229.85409629907087,-7.7228807315781935
726,GJ 676 A d,GJ 676 A,Gaia DR2 5925209583053212800,0,2,4,Radial Velocity,2012,La Silla Observatory,Published Confirmed,0,<a refstr=ANGLADA_ESCUDE___TUOMI_2012 href=https://ui.adsabs.harvard.edu/abs/2012A%26A...548A..58A/abstract target=ref> Anglada-Escude & Tuomi 2012 </a>,3.6,0.0413,,,,0,<a refstr=ANGLADA_ESCUDE___TUOMI_2012 href=https://ui.adsabs.harvard.edu/abs/2012A%26A...548A..58A/abstract target=ref> Anglada-Escude & Tuomi 2012 </a>,M0 V,,,0.71,0.23,[Fe/H],,<a refstr=STASSUN_ET_AL__2019 href=https://ui.adsabs.harvard.edu/abs/2019AJ....158..138S/abstract target=ref>TICv8</a>,17h30m10.77s,262.5448903,-51d38m16.00s,-51.6377777,317.0836723,-257.873,-184.509,16.0272,9.58,5.825,8.86517,2016-09-27,2012-12,14/05/2014,59210.15729166667,262.5442569533255,-51.63805894270225
33356,Proxima Cen b,Proxima Cen,Gaia DR2 5853498713160606720,0,3,1,Radial Velocity,2016,European Southern Observatory,Published Confirmed,0,<a refstr=ANGLADA_ESCUD_EACUTE__ET_AL__2016 href=https://ui.adsabs.harvard.edu/abs/2016Natur.536..437A/abstract target=ref>Anglada-Escud&eacute; et al. 2016</a>,11.186,0.0485,,,,0,<a refstr=ANGLADA_ESCUD_EACUTE__ET_AL__2016 href=https://ui.adsabs.harvard.edu/abs/2016Natur.536..437A/abstract target=ref>Anglada-Escud&eacute; et al. 2016</a>,M5.5 V,3050.0,0.14,0.12,,,,<a refstr=STASSUN_ET_AL__2019 href=https://ui.adsabs.harvard.edu/abs/2019AJ....158..138S/abstract target=ref>TICv8</a>,14h29m34.43s,217.3934657,-62d40m34.26s,-62.6761821,3858.865767,-3781.31,769.766,1.30119,11.01,4.384,8.95361,2016-08-25,2016-08,25/08/2016,60097.54572916667,217.3753505019197,-62.67448809582359
635,GJ 3998 b,GJ 3998,Gaia DR2 4540061704988054400,1,1,2,Radial Velocity,2016,Roque de los Muchachos Observatory,Published Confirmed,0,<a refstr=AFFER_ET_AL__2016 href=https://ui.adsabs.harvard.edu/abs/2016A&A...593A.117A/abstract target=ref>Affer et al. 2016</a>,2.64977,0.029,,,,0,<a refstr=AFFER_ET_AL__2016 href=https://ui.adsabs.harvard.edu/abs/2016A&A...593A.117A/abstract target=ref>Affer et al. 2016</a>,M1,3722.0,0.49,0.5,-0.16,[Fe/H],4.77,<a refstr=STASSUN_ET_AL__2019 href=https://ui.adsabs.harvard.edu/abs/2019AJ....158..138S/abstract target=ref>TICv8</a>,17h16m00.49s,259.0020507,+11d03m22.23s,11.0561751,373.4729173,-137.311,-347.315,18.1459,10.844,6.816,9.98337,2016-07-26,2016-10,28/07/2016,60315.13923611112,259.00171986950187,11.055353824904893
655,GJ 436 b,GJ 436,Gaia DR2 4017860992519744384,0,1,1,Radial Velocity,2004,W. M. Keck Observatory,Published Confirmed,0,<a refstr=TURNER_ET_AL__2016 href=https://ui.adsabs.harvard.edu/abs/2016MNRAS.459..789T/abstract target=ref>Turner et al. 2016</a>,2.64389788,0.03109,4.191,0.374,0.0728,0,<a refstr=TURNER_ET_AL__2016 href=https://ui.adsabs.harvard.edu/abs/2016MNRAS.459..789T/abstract target=ref>Turner et al. 2016</a>,,3350.0,,,-0.15,[Fe/H],4.43,<a refstr=STASSUN_ET_AL__2019 href=https://ui.adsabs.harvard.edu/abs/2019AJ....158..138S/abstract target=ref>TICv8</a>,11h42m12.13s,175.5505363,+26d42m11.04s,26.7030669,1209.857678,895.047,-814.031,9.75321,10.67,6.073,9.57148,2016-03-29,2016-06,31/03/2016,60389.64053240741,175.55296216394578,26.701095866767552
3144,HD 40307 b,HD 40307,Gaia DR2 4758877919212831104,0,1,5,Radial Velocity,2009,La Silla Observatory,Published Confirmed,0,<a refstr=D_IACUTE_AZ_ET_AL__2016 href=https://ui.adsabs.harvard.edu/abs/2016A&A...585A.134D/abstract target=ref>D&iacute;az et al. 2016</a>,4.3115,0.0475,,,,0,<a refstr=D_IACUTE_AZ_ET_AL__2016 href=https://ui.adsabs.harvard.edu/abs/2016A&A...585A.134D/abstract target=ref>D&iacute;az et al. 2016</a>,K3 V,4977.0,,0.77,-0.31,[Fe/H],4.47,<a refstr=STASSUN_ET_AL__2019 href=https://ui.adsabs.harvard.edu/abs/2019AJ....158..138S/abstract target=ref>TICv8</a>,05h54m04.13s,88.5172191,-60d01m25.42s,-60.0237289,79.7896257,-52.4231,-60.1515,12.9363,7.17,4.793,6.84367,2015-11-18,2016-01,19/11/2015,59448.035208333335,88.51704018786748,-60.023831469920886
2163,HD 1461 b,HD 1461,Gaia DR2 2430102808294101760,1,1,2,Radial Velocity,2010,W. M. Keck Observatory,Published Confirmed,0,<a refstr=D_IACUTE_AZ_ET_AL__2016 href=https://ui.adsabs.harvard.edu/abs/2016A&A...585A.134D/abstract target=ref>D&iacute;az et al. 2016</a>,5.77152,0.0634,,,,0,<a refstr=D_IACUTE_AZ_ET_AL__2016 href=https://ui.adsabs.harvard.edu/abs/2016A&A...585A.134D/abstract target=ref>D&iacute;az et al. 2016</a>,G0 V,5765.0,,1.02,0.19,[Fe/H],4.38,<a refstr=STASSUN_ET_AL__2019 href=https://ui.adsabs.harvard.edu/abs/2019AJ....158..138S/abstract target=ref>TICv8</a>,00h18m42.30s,4.6762645,-08d03m13.03s,-8.0536206,441.9148713,417.875,-143.768,23.4534,6.47933,4.897,6.29454,2015-11-18,2016-01,19/11/2015,60217.83251157407,4.677231235158776,-8.053949919138317
35871,tau Boo b,tau Boo,Gaia DR2 1244571953471006720,1,2,1,Radial Velocity,1996,Lick Observatory,Published Confirmed,0,<a refstr=BORSA_ET_AL__2015 href=https://ui.adsabs.harvard.edu/abs/2015A&A...578A..64B/abstract target=ref>Borsa et al. 2015</a>,3.3124568,0.049,,,,0,<a refstr=STASSUN_ET_AL__2019 href=https://ui.adsabs.harvard.edu/abs/2019AJ....158..138S/abstract target=ref>TICv8</a>,,6466.27,1.43,1.32,0.264,[M/H],4.25,<a refstr=STASSUN_ET_AL__2019 href=https://ui.adsabs.harvard.edu/abs/2019AJ....158..138S/abstract target=ref>TICv8</a>,13h47m15.23s,206.8134593,+17d27m25.79s,17.4571647,472.3602962,-467.909,64.6948,15.6521,4.48635,3.507,4.36617,2015-04-16,2015-06,16/04/2015,60318.95413194445,206.8122980183353,17.457317864236966
595,GJ 3341 b,GJ 3341,Gaia DR2 4827532078086044416,1,1,1,Radial Velocity,2015,La Silla Observatory,Published Confirmed,0,<a refstr=ASTUDILLO_DEFRU_ET_AL__2015 href=https://ui.adsabs.harvard.edu/abs/2015A&A...575A.119A/abstract target=ref>Astudillo-Defru et al. 2015</a>,14.207,0.089,,,,0,<a refstr=ASTUDILLO_DEFRU_ET_AL__2015 href=https://ui.adsabs.harvard.edu/abs/2015A&A...575A.119A/abstract target=ref>Astudillo-Defru et al. 2015</a>,M2.5,3526.0,0.44,0.47,-0.09,[Fe/H],,<a refstr=STASSUN_ET_AL__2019 href=https://ui.adsabs.harvard.edu/abs/2019AJ....158..138S/abstract target=ref>TICv8</a>,05h15m47.31s,78.9471415,-31d17m41.44s,-31.2948458,553.7493806,494.228,249.754,23.619,12.062,7.733,11.1029,2014-12-03,2015-03,3/12/2014,60304.676828703705,78.94850454731302,-31.294257201768602
780,GJ 876 d,GJ 876,Gaia DR2 2603090003484152064,1,1,4,Radial Velocity,2005,W. M. Keck Observatory,Published Confirmed,0,<a refstr=RIVERA_ET_AL__2010 href=https://ui.adsabs.harvard.edu/abs/2010ApJ...719..890R/abstract target=ref> Rivera et al. 2010 </a>,1.93778,0.020807,,,0.021,0,<a refstr=RIVERA_ET_AL__2010 href=https://ui.adsabs.harvard.edu/abs/2010ApJ...719..890R/abstract target=ref> Rivera et al. 2010 </a>,,,0.3,0.32,,,,<a refstr=STASSUN_ET_AL__2019 href=https://ui.adsabs.harvard.edu/abs/2019AJ....158..138S/abstract target=ref>TICv8</a>,22h53m17.75s,343.3239737,-14d15m59.74s,-14.2665958,1171.100949,957.961,-673.638,4.67517,10.16,5.01,8.8753,2014-08-27,2010-08,27/08/2014,60313.37435185185,343.3263097064702,-14.268187795764549
2302,HD 160691 d,HD 160691,Gaia DR2 5945941905576552064,0,1,4,Radial Velocity,2004,La Silla Observatory,Published Confirmed,0,<a refstr=SANTOS_ET_AL__2004 href=https://ui.adsabs.harvard.edu/abs/2004A&A...426L..19S/abstract target=ref> Santos et al. 2004 </a>,9.55,0.09,,,,0,<a refstr=SANTOS_ET_AL__2004 href=https://ui.adsabs.harvard.edu/abs/2004A&A...426L..19S/abstract target=ref> Santos et al. 2004 </a>,,5813.0,,1.1,0.32,[Fe/H],4.25,<a refstr=STASSUN_ET_AL__2019 href=https://ui.adsabs.harvard.edu/abs/2019AJ....158..138S/abstract target=ref>TICv8</a>,17h44m08.68s,266.0361585,-51d50m05.55s,-51.8348751,191.5319109,-15.3104,-190.919,15.5981,5.12,3.683,4.94916,2014-08-21,2004-10,21/08/2014,59566.36237268519,266.0361140205194,-51.83521783483196
621,GJ 3634 b,GJ 3634,Gaia DR2 5452743423618768000,1,1,1,Radial Velocity,2010,La Silla Observatory,Published Confirmed,0,<a refstr=BONFILS_ET_AL__2011 href=https://ui.adsabs.harvard.edu/abs/2011A%26A...528A.111B/abstract target=ref> Bonfils et al. 2011 </a>,2.64561,0.0287,,,0.026,0,<a refstr=BONFILS_ET_AL__2011 href=https://ui.adsabs.harvard.edu/abs/2011A%26A...528A.111B/abstract target=ref> Bonfils et al. 2011 </a>,M2.5,,0.43,0.45,,,,<a refstr=STASSUN_ET_AL__2019 href=https://ui.adsabs.harvard.edu/abs/2019AJ....158..138S/abstract target=ref>TICv8</a>,10h58m34.40s,164.6433493,-31d08m39.62s,-31.1443383,574.1777508,-566.861,-91.3712,20.3779,11.938,7.47,10.9233,2014-08-21,2011-04,21/08/2014,60244.06916666667,164.64181893817633,-31.14454941234639
65,51 Peg b,51 Peg,Gaia DR2 2835207319109249920,0,1,1,Radial Velocity,1995,Haute-Provence Observatory,Published Confirmed,0,<a refstr=NAEF_ET_AL__2004 href=https://ui.adsabs.harvard.edu/abs/2004A&A...414..351N/abstract target=ref> Naef et al. 2004 </a>,4.23077,0.052,,,,0,<a refstr=NAEF_ET_AL__2004 href=https://ui.adsabs.harvard.edu/abs/2004A&A...414..351N/abstract target=ref> Naef et al. 2004 </a>,,,,,,,,<a refstr=STASSUN_ET_AL__2019 href=https://ui.adsabs.harvard.edu/abs/2019AJ....158..138S/abstract target=ref>TICv8</a>,22h57m28.21s,344.3675399,+20d46m08.74s,20.7690958,216.4603396,207.363,62.094,15.4614,5.45309,3.911,5.28647,2014-08-21,2004-01,21/08/2014,60305.40509259259,344.36806267569585,20.769242169481725
718,GJ 674 b,GJ 674,Gaia DR2 5951824121022278144,1,1,1,Radial Velocity,2007,La Silla Observatory,Published Confirmed,0,<a refstr=BONFILS_ET_AL__2007 href=https://ui.adsabs.harvard.edu/abs/2007A&A...474..293B/abstract target=ref> Bonfils et al. 2007 </a>,4.6938,0.039,,,,0,<a refstr=BONFILS_ET_AL__2007 href=https://ui.adsabs.harvard.edu/abs/2007A&A...474..293B/abstract target=ref> Bonfils et al. 2007 </a>,M2.5,3600.0,,0.35,-0.28,[Fe/H],,<a refstr=STASSUN_ET_AL__2019 href=https://ui.adsabs.harvard.edu/abs/2019AJ....158..138S/abstract target=ref>TICv8</a>,17h28m40.81s,262.1700476,-46d53m56.34s,-46.8989826,1050.09141,572.582,-880.251,4.54896,9.38,4.855,8.33063,2014-05-14,2007-10,14/05/2014,59608.0787037037,262.17157856399166,-46.900590729514654
707,GJ 667 C b,GJ 667 C,Gaia DR2 5975663354131618304,0,3,5,Radial Velocity,2012,La Silla Observatory,Published Confirmed,0,<a refstr=ANGLADA_ESCUDE_ET_AL__2013 href=https://ui.adsabs.harvard.edu/abs/2013A%26A...556A.126A/abstract target=ref> Anglada-Escude et al. 2013 </a>,7.2004,0.0505,,,,0,<a refstr=ANGLADA_ESCUDE_ET_AL__2013 href=https://ui.adsabs.harvard.edu/abs/2013A%26A...556A.126A/abstract target=ref> Anglada-Escude et al. 2013 </a>,M1.5 V,3350.0,,0.33,-0.55,[Fe/H],4.69,<a refstr=STASSUN_ET_AL__2019 href=https://ui.adsabs.harvard.edu/abs/2019AJ....158..138S/abstract target=ref>TICv8</a>,17h19m00.25s,259.7510609,-34d59m51.95s,-34.9977651,1151.955224,1131.61,-215.545,7.24396,10.602,6.036,9.38033,2014-05-14,2013-08,14/05/2014,60085.694560185184,259.7540863889668,-34.99823713706047
196,BD-06 1339 b,BD-06 1339,Gaia DR2 3022099969137163904,1,1,2,Radial Velocity,2013,La Silla Observatory,Published Confirmed,1,<a refstr=LO_CURTO_ET_AL__2013 href=https://ui.adsabs.harvard.edu/abs/2013A%26A...551A..59L/abstract target=ref> Lo Curto et al. 2013 </a>,3.8728,0.0428,,,,0,<a refstr=LO_CURTO_ET_AL__2013 href=https://ui.adsabs.harvard.edu/abs/2013A%26A...551A..59L/abstract target=ref> Lo Curto et al. 2013 </a>,K7/M0 V,4324.0,,0.7,-0.14,[Fe/H],4.74,<a refstr=STASSUN_ET_AL__2019 href=https://ui.adsabs.harvard.edu/abs/2019AJ....158..138S/abstract target=ref>TICv8</a>,05h53m00.28s,88.2511811,-05d59m46.82s,-5.9963378,346.7225761,-1.04543,-346.721,20.2695,9.7,6.305,9.10677,2014-05-14,2013-03,14/05/2014,60244.88783564815,88.25117867049244,-5.997139145993566
